Test Case	Variable	ToolID	Tool Name	Version	Editor	Fehlercode	CVRMSE [%]	Daily Amplitude CVRMSE [%]	MBE	RMSEIQR [%]	MSE [%]	NMBE [%]	NRMSE [%]	RMSE [%]	RMSLE [%]	R squared [-]	std dev [-]	Maximum [-]	Minimum [-]	Average [-]	SimQ-Score [%]	SimQ-Rating
03-Waermeleitung	Variante 1	Aixlib	AixLib	0.7.3	Amin Nouri, RWTH Aachen	0	0.69	39.21	0.01	15.87	0.04	0.03	1.99	0.2	0.00848	99.32	2.25	30.0	20.01	28.69	89.05	Bronze
03-Waermeleitung	Variante 2	Aixlib	AixLib	0.7.3	Amin Nouri, RWTH Aachen	0	0.66	5.26	0.0	184.93	0.04	0.01	1.93	0.19	0.00816	99.33	2.25	30.0	20.0	29.12	6.79	Failed
03-Waermeleitung	Variante 3	Aixlib	AixLib	0.7.3	Amin Nouri, RWTH Aachen	0	1.3	7.01	0.23	6.09	0.1	0.96	4.0	0.31	0.01352	98.65	2.54	27.71	20.0	24.12	95.53	Gold
03-Waermeleitung	Variante 4	Aixlib	AixLib	0.7.3	Amin Nouri, RWTH Aachen	0	0.35	9.53	0.07	14.11	0.01	0.33	8.19	0.07	0.00332	93.63	0.29	20.93	20.0	20.45	90.25	Silver
03-Waermeleitung	Variante 1	ETU	ETU Simulation	4.1	Dr. Rainer Rolffs, ETU Hottgenroth	0	1.8	37.84	0.3	41.11	0.27	1.06	5.16	0.52	0.01994	95.42	2.08	30.0	20.07	28.99	75.43	Failed
03-Waermeleitung	Variante 2	ETU	ETU Simulation	4.1	Dr. Rainer Rolffs, ETU Hottgenroth	0	1.06	19.61	0.02	296.43	0.1	0.06	3.09	0.31	0.01323	98.28	2.13	30.0	20.68	29.14	-50.22	Failed
03-Waermeleitung	Variante 3	ETU	ETU Simulation	4.1	Dr. Rainer Rolffs, ETU Hottgenroth	0	7.48	29.45	1.67	35.0	3.19	6.97	23.02	1.79	0.07181	55.5	2.53	28.62	20.06	25.55	71.09	Failed
03-Waermeleitung	Variante 4	ETU	ETU Simulation	4.1	Dr. Rainer Rolffs, ETU Hottgenroth	0	0.56	15.99	0.11	22.54	0.01	0.54	13.08	0.11	0.00529	83.76	0.3	20.98	20.0	20.49	83.77	Bronze
03-Waermeleitung	Variante 1	IDAICE	IDA ICE	4.8.0.1	Caroline Seifert, INNIUS DÖ	0	0.88	17.71	0.16	20.02	0.06	0.56	2.51	0.25	0.00905	98.91	2.32	30.0	20.0	28.84	88.19	Bronze
03-Waermeleitung	Variante 2	IDAICE	IDA ICE	4.8.0.1	Caroline Seifert, INNIUS DÖ	0	0.36	7.93	-0.05	101.68	0.01	-0.16	1.06	0.11	0.00392	99.8	2.4	30.0	20.0	29.07	48.46	Failed
03-Waermeleitung	Variante 3	IDAICE	IDA ICE	4.8.0.1	Caroline Seifert, INNIUS DÖ	0	2.34	16.73	0.49	10.97	0.31	2.05	7.21	0.56	0.02094	95.63	2.93	28.41	20.0	24.38	91.42	Silver
03-Waermeleitung	Variante 4	IDAICE	IDA ICE	4.8.0.1	Caroline Seifert, INNIUS DÖ	0	0.02	2.15	0.0	0.83	0.0	0.0	0.48	0.0	0.00019	99.98	0.29	20.88	19.99	20.38	99.36	Gold
03-Waermeleitung	Variante 1	NANDRAD	NANDRAD	1.8	Dirk Weiß, IBK TU Dresden	0	0.0	0.0	0.0	0.0	0.0	0.0	0.0	0.0	0.0	100.0	2.41	30.0	20.0	28.68	100.0	Gold
03-Waermeleitung	Variante 2	NANDRAD	NANDRAD	1.8	Dirk Weiß, IBK TU Dresden	0	0.0	0.0	0.0	0.0	0.0	0.0	0.0	0.0	0.0	100.0	2.36	30.0	20.0	29.12	100.0	Gold
03-Waermeleitung	Variante 3	NANDRAD	NANDRAD	1.8	Dirk Weiß, IBK TU Dresden	0	0.0	0.0	0.0	0.0	0.0	0.0	0.0	0.0	0.0	100.0	2.68	27.76	20.0	23.89	100.0	Gold
03-Waermeleitung	Variante 4	NANDRAD	NANDRAD	1.8	Dirk Weiß, IBK TU Dresden	0	0.0	0.0	0.0	0.0	0.0	0.0	0.0	0.0	0.0	100.0	0.28	20.87	20.0	20.38	100.0	Gold
03-Waermeleitung	Variante 1	NANDRAD2	NANDRAD v2	2.0	Dirk Weiß, IBK TU Dresden	0	0.03	0.55	0.01	0.65	0.0	0.02	0.08	0.01	0.0003	100.0	2.41	30.0	20.0	28.69	99.62	Gold
03-Waermeleitung	Variante 2	NANDRAD2	NANDRAD v2	2.0	Dirk Weiß, IBK TU Dresden	0	0.09	1.99	0.01	25.23	0.0	0.04	0.26	0.03	0.00096	99.99	2.35	30.0	20.0	29.13	87.2	Bronze
03-Waermeleitung	Variante 3	NANDRAD2	NANDRAD v2	2.0	Dirk Weiß, IBK TU Dresden	0	0.05	0.38	0.01	0.25	0.0	0.05	0.17	0.01	0.00049	100.0	2.69	27.78	20.0	23.9	99.81	Gold
03-Waermeleitung	Variante 4	NANDRAD2	NANDRAD v2	2.0	Dirk Weiß, IBK TU Dresden	0	0.0	0.21	0.0	0.15	0.0	0.0	0.09	0.0	4e-05	100.0	0.28	20.87	20.0	20.38	99.9	Gold
03-Waermeleitung	Variante 1	TAS	TAS	9.5.0	Rainer Strobel, PGMM	0	0.05	1.0	-0.01	1.22	0.0	-0.04	0.15	0.02	0.00056	100.0	2.41	29.99	20.0	28.67	99.3	Gold
03-Waermeleitung	Variante 2	TAS	TAS	9.5.0	Rainer Strobel, PGMM	0	1.13	0.14	-0.16	316.08	0.11	-0.54	3.3	0.33	0.01161	98.05	2.41	29.99	20.0	28.96	-58.7	Failed
03-Waermeleitung	Variante 3	TAS	TAS	9.5.0	Rainer Strobel, PGMM	0	0.39	2.35	-0.08	1.85	0.01	-0.32	1.21	0.09	0.0036	99.88	2.63	27.67	19.99	23.81	98.76	Gold
03-Waermeleitung	Variante 4	TAS	TAS	9.5.0	Rainer Strobel, PGMM	0	0.83	28.1	0.17	33.38	0.03	0.81	19.37	0.17	0.00784	64.39	0.29	21.03	20.0	20.55	74.51	Failed
03-Waermeleitung	Variante 1	THERAKLES	NANDRAD v2	2.0	Dirk Weiß, IBK TU Dresden	0	0.01	0.42	0.0	0.25	0.0	0.0	0.03	0.0	0.00011	100.0	2.41	30.0	20.0	28.68	99.84	Gold
03-Waermeleitung	Variante 2	THERAKLES	NANDRAD v2	2.0	Dirk Weiß, IBK TU Dresden	0	0.02	0.22	0.0	5.69	0.0	0.0	0.06	0.01	0.00025	100.0	2.36	30.0	20.0	29.12	97.13	Gold
03-Waermeleitung	Variante 3	THERAKLES	NANDRAD v2	2.0	Dirk Weiß, IBK TU Dresden	0	0.01	0.14	-0.0	0.06	0.0	-0.01	0.04	0.0	0.00013	100.0	2.68	27.77	20.0	23.89	99.96	Gold
03-Waermeleitung	Variante 4	THERAKLES	NANDRAD v2	2.0	Dirk Weiß, IBK TU Dresden	0	0.01	1.0	0.0	0.53	0.0	0.0	0.31	0.0	0.00013	99.99	0.28	20.87	20.0	20.38	99.62	Gold
03-Waermeleitung	Variante 1	TRNSYS	TRNSYS	18	Julian Agudelo, Hochschule München	0	0.0	0.08	-0.0	0.05	0.0	-0.0	0.01	0.0	3e-05	100.0	2.41	30.0	20.0	28.68	99.97	Gold
03-Waermeleitung	Variante 2	TRNSYS	TRNSYS	18	Julian Agudelo, Hochschule München	0	0.06	0.58	-0.0	15.46	0.0	-0.0	0.16	0.02	0.00069	100.0	2.35	30.0	20.0	29.12	92.2	Silver
03-Waermeleitung	Variante 3	TRNSYS	TRNSYS	18	Julian Agudelo, Hochschule München	0	0.02	0.16	0.0	0.08	0.0	0.0	0.05	0.0	0.00017	100.0	2.68	27.76	20.0	23.89	99.94	Gold
03-Waermeleitung	Variante 4	TRNSYS	TRNSYS	18	Julian Agudelo, Hochschule München	0	0.0	0.09	-0.0	0.06	0.0	-0.0	0.04	0.0	1e-05	100.0	0.28	20.87	20.0	20.38	99.96	Gold
04-WaermeleitungSpeicherung	Variante 1 Raum A	Aixlib	AixLib	0.7.3	Amin Nouri, RWTH Aachen	0	0.09	8.66	-0.01	5.29	0.0	-0.04	0.25	0.03	0.00095	99.98	1.72	30.0	20.0	29.22	96.74	Gold
04-WaermeleitungSpeicherung	Variante 2 Raum A	Aixlib	AixLib	0.7.3	Amin Nouri, RWTH Aachen	0	1.96	22.32	0.01	31.79	0.22	0.03	23.03	0.47	0.01876	54.86	0.76	25.5	22.93	24.17	74.26	Failed
04-WaermeleitungSpeicherung	Variante 3 Raum A	Aixlib	AixLib	0.7.3	Amin Nouri, RWTH Aachen	0	0.84	5.31	-0.13	43.24	0.04	-0.54	10.48	0.2	0.0082	75.5	0.49	24.43	22.2	23.75	73.92	Failed
04-WaermeleitungSpeicherung	Variante 3 Raum B	Aixlib	AixLib	0.7.3	Amin Nouri, RWTH Aachen	0	0.86	20.36	-0.17	34.48	0.04	-0.72	8.39	0.2	0.00843	87.72	0.67	24.19	21.55	23.54	78.9	Failed
04-WaermeleitungSpeicherung	Variante 4 Raum A	Aixlib	AixLib	0.7.3	Amin Nouri, RWTH Aachen	0	1.06	20.47	-0.13	12.84	0.04	-0.65	7.97	0.2	0.0099	94.16	0.75	20.32	18.06	19.14	90.41	Silver
04-WaermeleitungSpeicherung	Variante 4 Raum B	Aixlib	AixLib	0.7.3	Amin Nouri, RWTH Aachen	0	1.02	26.89	-0.18	33.64	0.04	-0.94	20.67	0.2	0.00964	54.94	0.22	19.42	18.7	19.09	73.59	Failed
04-WaermeleitungSpeicherung	Variante 1 Raum A	ETU	ETU Simulation	4.1	Dr. Rainer Rolffs, ETU Hottgenroth	0	0.07	2.12	-0.01	4.13	0.0	-0.02	0.2	0.02	0.00084	99.99	1.71	30.0	20.0	29.23	97.76	Gold
04-WaermeleitungSpeicherung	Variante 2 Raum A	ETU	ETU Simulation	4.1	Dr. Rainer Rolffs, ETU Hottgenroth	0	1.74	23.52	-0.0	28.18	0.18	-0.01	20.42	0.42	0.01664	64.53	0.81	25.46	22.93	24.17	77.39	Failed
04-WaermeleitungSpeicherung	Variante 3 Raum A	ETU	ETU Simulation	4.1	Dr. Rainer Rolffs, ETU Hottgenroth	0	1.79	113.15	0.0	91.74	0.18	0.0	22.23	0.43	0.01714	-10.31	0.52	24.78	22.22	23.88	31.85	Failed
04-WaermeleitungSpeicherung	Variante 3 Raum B	ETU	ETU Simulation	4.1	Dr. Rainer Rolffs, ETU Hottgenroth	0	0.16	28.28	0.01	6.54	0.0	0.02	1.59	0.04	0.00157	99.56	0.57	24.22	21.89	23.72	94.53	Silver
04-WaermeleitungSpeicherung	Variante 4 Raum A	ETU	ETU Simulation	4.1	Dr. Rainer Rolffs, ETU Hottgenroth	0	2.17	82.01	-0.03	26.27	0.18	-0.16	16.31	0.42	0.02063	75.55	0.93	20.87	17.75	19.23	76.26	Failed
04-WaermeleitungSpeicherung	Variante 4 Raum B	ETU	ETU Simulation	4.1	Dr. Rainer Rolffs, ETU Hottgenroth	0	0.36	25.1	-0.01	12.03	0.0	-0.05	7.39	0.07	0.00347	94.23	0.31	19.7	18.71	19.26	90.51	Silver
04-WaermeleitungSpeicherung	Variante 1 Raum A	IDAICE	IDA ICE	4.8.0.1	Caroline Seifert, INNIUS DÖ	0	0.13	8.2	-0.01	8.16	0.0	-0.03	0.39	0.04	0.00142	99.95	1.73	29.99	20.0	29.23	95.31	Gold
04-WaermeleitungSpeicherung	Variante 2 Raum A	IDAICE	IDA ICE	4.8.0.1	Caroline Seifert, INNIUS DÖ	0	0.78	19.92	0.03	12.67	0.04	0.14	9.18	0.19	0.0075	92.83	0.68	25.39	23.02	24.2	90.07	Silver
04-WaermeleitungSpeicherung	Variante 3 Raum A	IDAICE	IDA ICE	4.8.0.1	Caroline Seifert, INNIUS DÖ	0	0.28	20.49	0.05	14.21	0.0	0.21	3.44	0.07	0.00264	97.35	0.42	24.54	22.52	23.94	90.66	Silver
04-WaermeleitungSpeicherung	Variante 3 Raum B	IDAICE	IDA ICE	4.8.0.1	Caroline Seifert, INNIUS DÖ	0	0.22	0.44	0.05	8.7	0.0	0.22	2.12	0.05	0.00208	99.22	0.58	24.25	21.83	23.76	95.15	Gold
04-WaermeleitungSpeicherung	Variante 4 Raum A	IDAICE	IDA ICE	4.8.0.1	Caroline Seifert, INNIUS DÖ	0	0.43	12.8	0.01	5.26	0.01	0.07	3.27	0.08	0.00407	99.02	0.89	20.7	17.93	19.28	95.86	Gold
04-WaermeleitungSpeicherung	Variante 4 Raum B	IDAICE	IDA ICE	4.8.0.1	Caroline Seifert, INNIUS DÖ	0	0.12	4.06	0.02	4.03	0.0	0.1	2.48	0.02	0.00115	99.35	0.3	19.73	18.75	19.29	97.22	Gold
04-WaermeleitungSpeicherung	Variante 1 Raum A	NANDRAD	NANDRAD	1.8	Dirk Weiß, IBK TU Dresden	0	0.0	0.0	0.0	0.0	0.0	0.0	0.0	0.0	0.0	100.0	1.71	30.0	20.0	29.24	100.0	Gold
04-WaermeleitungSpeicherung	Variante 2 Raum A	NANDRAD	NANDRAD	1.8	Dirk Weiß, IBK TU Dresden	0	0.0	0.0	0.0	0.0	0.0	0.0	0.0	0.0	0.0	100.0	0.71	25.19	23.13	24.17	100.0	Gold
04-WaermeleitungSpeicherung	Variante 3 Raum A	NANDRAD	NANDRAD	1.8	Dirk Weiß, IBK TU Dresden	0	0.0	0.0	0.0	0.0	0.0	0.0	0.0	0.0	0.0	100.0	0.41	24.43	22.51	23.88	100.0	Gold
04-WaermeleitungSpeicherung	Variante 3 Raum B	NANDRAD	NANDRAD	1.8	Dirk Weiß, IBK TU Dresden	0	0.0	0.0	0.0	0.0	0.0	0.0	0.0	0.0	0.0	100.0	0.58	24.2	21.78	23.71	100.0	Gold
04-WaermeleitungSpeicherung	Variante 4 Raum A	NANDRAD	NANDRAD	1.8	Dirk Weiß, IBK TU Dresden	0	0.0	0.0	0.0	0.0	0.0	0.0	0.0	0.0	0.0	100.0	0.85	20.54	17.98	19.26	100.0	Gold
04-WaermeleitungSpeicherung	Variante 4 Raum B	NANDRAD	NANDRAD	1.8	Dirk Weiß, IBK TU Dresden	0	0.0	0.0	0.0	0.0	0.0	0.0	0.0	0.0	0.0	100.0	0.29	19.7	18.75	19.27	100.0	Gold
04-WaermeleitungSpeicherung	Variante 1 Raum A	TAS	TAS	9.5.0	Rainer Strobel, PGMM	0	0.07	7.15	-0.01	4.57	0.0	-0.05	0.22	0.02	0.00085	99.98	1.72	29.99	20.0	29.22	97.21	Gold
04-WaermeleitungSpeicherung	Variante 2 Raum A	TAS	TAS	9.5.0	Rainer Strobel, PGMM	0	0.11	4.17	-0.01	1.83	0.0	-0.02	1.32	0.03	0.00108	99.85	0.68	25.15	23.18	24.16	98.58	Gold
04-WaermeleitungSpeicherung	Variante 3 Raum A	TAS	TAS	9.5.0	Rainer Strobel, PGMM	0	0.06	7.13	-0.0	3.29	0.0	-0.01	0.8	0.02	0.00061	99.86	0.4	24.41	22.54	23.88	97.73	Gold
04-WaermeleitungSpeicherung	Variante 3 Raum B	TAS	TAS	9.5.0	Rainer Strobel, PGMM	0	0.02	3.97	-0.0	0.85	0.0	-0.0	0.21	0.0	0.0002	99.99	0.58	24.2	21.79	23.71	99.27	Gold
04-WaermeleitungSpeicherung	Variante 4 Raum A	TAS	TAS	9.5.0	Rainer Strobel, PGMM	0	0.06	2.88	-0.0	0.76	0.0	-0.01	0.47	0.01	0.0006	99.98	0.85	20.54	17.98	19.26	99.35	Gold
04-WaermeleitungSpeicherung	Variante 4 Raum B	TAS	TAS	9.5.0	Rainer Strobel, PGMM	0	0.02	1.57	-0.0	0.63	0.0	-0.01	0.39	0.0	0.00018	99.98	0.29	19.7	18.74	19.27	99.52	Gold
04-WaermeleitungSpeicherung	Variante 1 Raum A	THERAKLES	NANDRAD v2	2.0	Dirk Weiß, IBK TU Dresden	0	0.08	3.0	-0.01	4.64	0.0	-0.04	0.22	0.02	0.0008	99.98	1.72	30.0	20.0	29.22	97.45	Gold
04-WaermeleitungSpeicherung	Variante 2 Raum A	THERAKLES	NANDRAD v2	2.0	Dirk Weiß, IBK TU Dresden	0	0.03	0.2	0.0	0.48	0.0	0.0	0.35	0.01	0.00028	99.99	0.7	25.19	23.14	24.17	99.69	Gold
04-WaermeleitungSpeicherung	Variante 1 Raum A	TRNSYS	TRNSYS	18	Julian Agudelo, Hochschule München	0	0.08	3.28	-0.01	4.62	0.0	-0.04	0.22	0.02	0.00079	99.98	1.72	30.0	20.0	29.22	97.44	Gold
04-WaermeleitungSpeicherung	Variante 2 Raum A	TRNSYS	TRNSYS	18	Julian Agudelo, Hochschule München	0	0.02	0.6	0.0	0.37	0.0	0.0	0.27	0.01	0.00022	99.99	0.7	25.18	23.14	24.17	99.73	Gold
04-WaermeleitungSpeicherung	Variante 3 Raum A	TRNSYS	TRNSYS	18	Julian Agudelo, Hochschule München	0	0.01	1.38	-0.0	0.55	0.0	-0.0	0.13	0.0	0.0001	100.0	0.41	24.43	22.51	23.88	99.61	Gold
04-WaermeleitungSpeicherung	Variante 3 Raum B	TRNSYS	TRNSYS	18	Julian Agudelo, Hochschule München	0	0.01	0.41	-0.0	0.21	0.0	-0.0	0.05	0.0	5e-05	100.0	0.58	24.2	21.78	23.71	99.86	Gold
04-WaermeleitungSpeicherung	Variante 4 Raum A	TRNSYS	TRNSYS	18	Julian Agudelo, Hochschule München	0	0.01	0.63	-0.0	0.16	0.0	-0.0	0.1	0.0	0.00013	100.0	0.84	20.54	17.98	19.26	99.86	Gold
04-WaermeleitungSpeicherung	Variante 4 Raum B	TRNSYS	TRNSYS	18	Julian Agudelo, Hochschule München	0	0.01	0.33	-0.0	0.17	0.0	-0.0	0.11	0.0	5e-05	100.0	0.29	19.69	18.75	19.27	99.87	Gold
05-Lueftung	Variante 1 Raumlufttemperatur	Aixlib	AixLib	0.7.3	Amin Nouri, RWTH Aachen	0	0.16	10.92	-0.01	0.19	0.0	-0.13	0.14	0.02	0.0019	100.0	4.25	15.94	3.95	10.31	99.18	Gold
05-Lueftung	Variante 2 Raumlufttemperatur	Aixlib	AixLib	0.7.3	Amin Nouri, RWTH Aachen	0	1.09	9.87	-0.01	1.17	0.02	-0.06	0.65	0.13	0.01354	99.95	5.64	21.09	1.44	11.61	98.65	Gold
05-Lueftung	Variante 2 Lueftungswaermestrom	Aixlib	AixLib	0.7.3	Amin Nouri, RWTH Aachen	0	1018.78	4.94	0.13	8.97	96.8	13.91	1.96	9.84	-99	-99	-99	289.19	-216.87	1.1	72.64	Failed
05-Lueftung	Variante 3 Raumlufttemperatur	Aixlib	AixLib	0.7.3	Amin Nouri, RWTH Aachen	0	1.76	46.23	0.28	129.74	0.1	1.59	35.52	0.31	0.01644	-184.95	0.24	18.73	17.52	18.09	-2.63	Failed
05-Lueftung	Variante 3 Lueftungswaermestrom	Aixlib	AixLib	0.7.3	Amin Nouri, RWTH Aachen	0	68.14	38.67	1.36	48.12	271.81	5.64	9.92	16.49	-99	-99	-99	141.8	-62.6	25.56	50.87	Failed
05-Lueftung	Variante 1 Raumlufttemperatur	ETU	ETU Simulation	4.1	Dr. Rainer Rolffs, ETU Hottgenroth	0	0.69	31.49	0.03	0.81	0.01	0.29	0.6	0.07	0.00679	99.97	4.26	16.01	3.93	10.36	97.34	Gold
05-Lueftung	Variante 2 Raumlufttemperatur	ETU	ETU Simulation	4.1	Dr. Rainer Rolffs, ETU Hottgenroth	0	0.29	4.5	-0.0	0.31	0.0	-0.0	0.17	0.03	0.00375	100.0	5.63	20.97	1.45	11.62	99.52	Gold
05-Lueftung	Variante 2 Lueftungswaermestrom	ETU	ETU Simulation	4.1	Dr. Rainer Rolffs, ETU Hottgenroth	0	863.25	3.76	-0.01	7.6	69.5	-0.58	1.66	8.34	-99	-99	-99	276.5	-214.0	0.96	75.87	Failed
05-Lueftung	Variante 3 Raumlufttemperatur	ETU	ETU Simulation	4.1	Dr. Rainer Rolffs, ETU Hottgenroth	0	0.34	5.46	0.03	24.75	0.0	0.18	6.78	0.06	0.00317	89.63	0.19	18.27	17.34	17.83	85.06	Bronze
05-Lueftung	Variante 3 Lueftungswaermestrom	ETU	ETU Simulation	4.1	Dr. Rainer Rolffs, ETU Hottgenroth	0	29.01	14.08	-0.63	20.49	49.28	-2.59	4.22	7.02	-99	-99	-99	100.0	-53.5	23.57	68.64	Failed
05-Lueftung	Variante 4 Raumlufttemperatur	ETU	ETU Simulation	4.1	Dr. Rainer Rolffs, ETU Hottgenroth	0	1.22	16.25	-0.27	52.06	0.08	-1.16	16.36	0.28	0.01187	42.59	0.42	23.82	21.98	22.98	64.61	Failed
05-Lueftung	Variante 4 Lueftungswaermestrom	ETU	ETU Simulation	4.1	Dr. Rainer Rolffs, ETU Hottgenroth	0	-18.05	11.14	5.02	9.72	77.88	-10.26	4.54	8.82	-99	-99	-99	30.0	-153.0	-43.88	75.45	Failed
05-Lueftung	Variante 1 Raumlufttemperatur	IDAICE	IDA ICE	4.8.0.1	Caroline Seifert, INNIUS DÖ	0	0.19	2.61	0.02	0.22	0.0	0.15	0.16	0.02	0.00145	100.0	4.26	15.99	3.95	10.34	99.66	Gold
05-Lueftung	Variante 2 Raumlufttemperatur	IDAICE	IDA ICE	4.8.0.1	Caroline Seifert, INNIUS DÖ	0	0.18	1.53	0.01	0.19	0.0	0.06	0.11	0.02	0.00231	100.0	5.63	20.98	1.48	11.62	99.77	Gold
05-Lueftung	Variante 2 Lueftungswaermestrom	IDAICE	IDA ICE	4.8.0.1	Caroline Seifert, INNIUS DÖ	0	730.53	3.39	-0.01	6.43	49.77	-1.23	1.41	7.06	-99	-99	-99	290.51	-217.04	0.95	76.63	Failed
05-Lueftung	Variante 3 Raumlufttemperatur	IDAICE	IDA ICE	4.8.0.1	Caroline Seifert, INNIUS DÖ	0	1.38	30.0	0.22	101.79	0.06	1.25	27.86	0.25	0.01295	-75.4	0.21	18.64	17.52	18.02	24.71	Failed
05-Lueftung	Variante 3 Lueftungswaermestrom	IDAICE	IDA ICE	4.8.0.1	Caroline Seifert, INNIUS DÖ	0	59.24	14.02	-0.51	41.84	205.45	-2.1	8.63	14.33	-99	-99	-99	114.51	-62.02	23.69	57.16	Failed
05-Lueftung	Variante 1 Raumlufttemperatur	NANDRAD	NANDRAD	1.8	Dirk Weiß, IBK TU Dresden	0	0.0	0.0	0.0	0.0	0.0	0.0	0.0	0.0	0.0	100.0	4.25	15.96	3.95	10.32	100.0	Gold
05-Lueftung	Variante 2 Raumlufttemperatur	NANDRAD	NANDRAD	1.8	Dirk Weiß, IBK TU Dresden	0	0.0	0.0	0.0	0.0	0.0	0.0	0.0	0.0	0.0	100.0	5.63	20.97	1.46	11.62	100.0	Gold
05-Lueftung	Variante 2 Lueftungswaermestrom	NANDRAD	NANDRAD	1.8	Dirk Weiß, IBK TU Dresden	0	0.0	0.0	0.0	0.0	0.0	0.0	0.0	0.0	-99	-99	-99	282.69	-218.41	0.97	80.1	Bronze
05-Lueftung	Variante 3 Raumlufttemperatur	NANDRAD	NANDRAD	1.8	Dirk Weiß, IBK TU Dresden	0	0.0	0.0	0.0	0.0	0.0	0.0	0.0	0.0	0.0	100.0	0.19	18.19	17.31	17.8	100.0	Gold
05-Lueftung	Variante 3 Lueftungswaermestrom	NANDRAD	NANDRAD	1.8	Dirk Weiß, IBK TU Dresden	0	0.0	0.0	0.0	0.0	0.0	0.0	0.0	0.0	-99	-99	-99	111.62	-54.55	24.2	80.1	Bronze
05-Lueftung	Variante 4 Raumlufttemperatur	NANDRAD	NANDRAD	1.8	Dirk Weiß, IBK TU Dresden	0	0.0	0.0	0.0	0.0	0.0	0.0	0.0	0.0	0.0	100.0	0.38	23.97	22.23	23.25	100.0	Gold
05-Lueftung	Variante 4 Lueftungswaermestrom	NANDRAD	NANDRAD	1.8	Dirk Weiß, IBK TU Dresden	0	-0.0	0.0	0.0	0.0	0.0	-0.0	0.0	0.0	-99	-99	-99	29.74	-164.45	-48.9	80.1	Bronze
05-Lueftung	Variante 1 Raumlufttemperatur	TAS	TAS	9.5.0	Rainer Strobel, PGMM	0	0.04	6.1	-0.0	0.04	0.0	-0.02	0.03	0.0	0.0004	100.0	4.25	15.96	3.95	10.32	99.57	Gold
05-Lueftung	Variante 2 Raumlufttemperatur	TAS	TAS	9.5.0	Rainer Strobel, PGMM	0	0.12	1.08	0.0	0.13	0.0	0.0	0.07	0.01	0.00161	100.0	5.64	20.99	1.45	11.62	99.85	Gold
05-Lueftung	Variante 2 Lueftungswaermestrom	TAS	TAS	9.5.0	Rainer Strobel, PGMM	0	991.11	6.02	0.01	8.72	91.62	1.36	1.91	9.57	-99	-99	-99	293.99	-220.44	0.98	74.79	Failed
05-Lueftung	Variante 3 Raumlufttemperatur	TAS	TAS	9.5.0	Rainer Strobel, PGMM	0	0.36	5.44	-0.06	26.56	0.0	-0.36	7.27	0.06	0.00341	88.06	0.18	18.09	17.25	17.74	84.01	Bronze
05-Lueftung	Variante 3 Lueftungswaermestrom	TAS	TAS	9.5.0	Rainer Strobel, PGMM	0	18.66	12.4	-0.28	13.18	20.38	-1.14	2.72	4.51	-99	-99	-99	106.49	-58.19	23.92	72.42	Failed
05-Lueftung	Variante 1 Raumlufttemperatur	THERAKLES	NANDRAD v2	2.0	Dirk Weiß, IBK TU Dresden	0	0.0	0.1	0.0	0.0	0.0	0.0	0.0	0.0	1e-05	100.0	4.25	15.96	3.95	10.32	99.99	Gold
05-Lueftung	Variante 2 Raumlufttemperatur	THERAKLES	NANDRAD v2	2.0	Dirk Weiß, IBK TU Dresden	0	0.0	0.09	0.0	0.0	0.0	0.0	0.0	0.0	5e-05	100.0	5.63	20.97	1.46	11.62	99.99	Gold
05-Lueftung	Variante 2 Lueftungswaermestrom	THERAKLES	NANDRAD v2	2.0	Dirk Weiß, IBK TU Dresden	0	982.49	5.17	0.0	8.65	90.03	0.39	1.89	9.49	-99	-99	-99	291.55	-218.98	0.97	75.05	Failed
05-Lueftung	Variante 3 Raumlufttemperatur	THERAKLES	NANDRAD v2	2.0	Dirk Weiß, IBK TU Dresden	0	0.02	1.33	0.0	1.7	0.0	0.0	0.46	0.0	0.00022	99.95	0.19	18.19	17.31	17.8	98.98	Gold
05-Lueftung	Variante 3 Lueftungswaermestrom	THERAKLES	NANDRAD v2	2.0	Dirk Weiß, IBK TU Dresden	0	65.28	30.32	1.46	46.1	249.49	6.02	9.51	15.8	-99	-99	-99	129.76	-58.89	25.65	52.44	Failed
05-Lueftung	Variante 1 Raumlufttemperatur	TRNSYS	TRNSYS	18	Julian Agudelo, Hochschule München	0	0.02	1.19	-0.0	0.02	0.0	-0.0	0.01	0.0	0.00017	100.0	4.25	15.96	3.95	10.32	99.91	Gold
05-Lueftung	Variante 2 Raumlufttemperatur	TRNSYS	TRNSYS	18	Julian Agudelo, Hochschule München	0	0.56	4.14	-0.0	0.61	0.0	-0.0	0.34	0.07	0.00693	99.99	5.63	20.96	1.47	11.62	99.36	Gold
05-Lueftung	Variante 2 Lueftungswaermestrom	TRNSYS	TRNSYS	18	Julian Agudelo, Hochschule München	0	3.84	0.02	-0.0	0.03	0.0	-0.0	0.01	0.04	-99	-99	-99	282.7	-218.39	0.97	80.08	Bronze
05-Lueftung	Variante 3 Raumlufttemperatur	TRNSYS	TRNSYS	18	Julian Agudelo, Hochschule München	0	0.17	7.46	0.0	12.44	0.0	0.02	3.41	0.03	0.0016	97.38	0.19	18.26	17.29	17.81	92.45	Silver
05-Lueftung	Variante 3 Lueftungswaermestrom	TRNSYS	TRNSYS	18	Julian Agudelo, Hochschule München	0	0.12	0.16	-0.0	0.08	0.0	-0.0	0.02	0.03	-99	-99	-99	111.42	-54.53	24.19	80.05	Bronze
05-Lueftung	Variante 4 Raumlufttemperatur	TRNSYS	TRNSYS	18	Julian Agudelo, Hochschule München	0	0.23	3.87	0.0	9.74	0.0	0.01	3.06	0.05	0.0022	97.99	0.38	23.97	22.18	23.25	94.16	Silver
05-Lueftung	Variante 4 Lueftungswaermestrom	TRNSYS	TRNSYS	18	Julian Agudelo, Hochschule München	0	-1.56	0.07	-0.25	0.84	0.58	0.51	0.39	0.76	-99	-99	-99	29.68	-164.44	-49.15	79.53	Failed
06-WaermeleitungStrahlung	Variante 1 Raumlufttemperatur	ETU	ETU Simulation	4.1	Dr. Rainer Rolffs, ETU Hottgenroth	0	4.86	28.03	-0.48	47.38	2.21	-1.59	10.57	1.49	0.04763	81.3	3.53	34.13	20.0	30.08	71.07	Failed
06-WaermeleitungStrahlung	Variante 1 abs. Strahlung Dach	ETU	ETU Simulation	4.1	Dr. Rainer Rolffs, ETU Hottgenroth	0	5.24	0.22	-2.24	2.48	62.18	-1.49	1.89	7.89	0.59443	99.77	165.9	419.0	0.0	148.24	98.66	Gold
06-WaermeleitungStrahlung	Variante 1 abs. Strahlung Boden	ETU	ETU Simulation	4.1	Dr. Rainer Rolffs, ETU Hottgenroth	0	3.31	0.5	0.09	1.56	0.99	0.31	1.19	0.99	0.28405	99.91	33.02	84.0	0.0	30.19	98.93	Gold
06-WaermeleitungStrahlung	Variante 1 abs. Strahlung Nordwand	ETU	ETU Simulation	4.1	Dr. Rainer Rolffs, ETU Hottgenroth	0	58.23	40.91	-6.56	51.12	417.83	-18.68	9.73	20.44	0.9078	82.46	36.42	131.0	0.0	28.55	71.45	Failed
06-WaermeleitungStrahlung	Variante 1 abs. Strahlung Ostwand	ETU	ETU Simulation	4.1	Dr. Rainer Rolffs, ETU Hottgenroth	0	15.43	0.42	-0.8	21.98	153.93	-0.99	2.83	12.41	0.7854	99.18	140.83	440.0	0.0	79.63	88.59	Bronze
06-WaermeleitungStrahlung	Variante 1 abs. Strahlung Südwand	ETU	ETU Simulation	4.1	Dr. Rainer Rolffs, ETU Hottgenroth	0	2.38	0.48	0.04	1.19	2.7	0.06	0.58	1.64	0.19374	99.97	99.4	282.0	0.0	69.06	99.26	Gold
06-WaermeleitungStrahlung	Variante 1 abs. Strahlung Westwand	ETU	ETU Simulation	4.1	Dr. Rainer Rolffs, ETU Hottgenroth	0	35.39	2.08	-11.6	19.83	1451.62	-10.77	8.34	38.1	0.76757	94.41	147.32	447.79	0.0	96.05	89.79	Bronze
06-WaermeleitungStrahlung	Variante 1 Oberflächen-Temp. Dach	ETU	ETU Simulation	4.1	Dr. Rainer Rolffs, ETU Hottgenroth	0	101.19	104.48	-35.32	539.17	1277.42	-100.0	164.78	35.74	3.58291	-4163.12	0.0	0.0	0.0	0.0	0	Failed
06-WaermeleitungStrahlung	Variante 1 Oberflächen-Temp. Boden	ETU	ETU Simulation	4.1	Dr. Rainer Rolffs, ETU Hottgenroth	0	100.3	105.78	-26.62	1550.02	712.84	-100.0	315.1	26.7	3.3164	-16675.9	0.0	0.0	0.0	0.0	0	Failed
06-WaermeleitungStrahlung	Variante 1 Oberflächen-Temp. Nordwand	ETU	ETU Simulation	4.1	Dr. Rainer Rolffs, ETU Hottgenroth	0	100.32	108.27	-26.98	2704.58	732.65	-100.0	293.94	27.07	3.32923	-15588.08	0.0	0.0	0.0	0.0	0	Failed
06-WaermeleitungStrahlung	Variante 1 Oberflächen-Temp. Ostwand	ETU	ETU Simulation	4.1	Dr. Rainer Rolffs, ETU Hottgenroth	0	100.68	103.73	-30.26	734.4	927.98	-100.0	212.46	30.46	3.43721	-7320.78	0.0	0.0	0.0	0.0	0	Failed
06-WaermeleitungStrahlung	Variante 1 Oberflächen-Temp. Südwand	ETU	ETU Simulation	4.1	Dr. Rainer Rolffs, ETU Hottgenroth	0	100.61	104.08	-29.43	782.42	876.94	-100.0	222.86	29.61	3.41101	-8106.52	0.0	0.0	0.0	0.0	0	Failed
06-WaermeleitungStrahlung	Variante 1 Oberflächen-Temp. Westwand	ETU	ETU Simulation	4.1	Dr. Rainer Rolffs, ETU Hottgenroth	0	100.99	104.35	-32.22	621.91	1058.98	-100.0	177.22	32.54	3.49584	-5026.65	0.0	0.0	0.0	0.0	0	Failed
06-WaermeleitungStrahlung	Variante 1 konv. Wärmeleitung Innen Dach	ETU	ETU Simulation	4.1	Dr. Rainer Rolffs, ETU Hottgenroth	0	-110.35	104.35	11.88	154.32	172.0	-100.0	64.0	13.11	-99	-99	-99	0.0	0.0	0.0	0	Failed
06-WaermeleitungStrahlung	Variante 1 konv. Wärmeleitung Innen Boden	ETU	ETU Simulation	4.1	Dr. Rainer Rolffs, ETU Hottgenroth	0	106.25	105.73	-9.87	269.12	109.87	-100.0	74.16	10.48	2.34958	-775.57	0.0	0.0	0.0	0.0	0	Failed
06-WaermeleitungStrahlung	Variante 1 konv. Wärmeleitung Innen Nordwand	ETU	ETU Simulation	4.1	Dr. Rainer Rolffs, ETU Hottgenroth	0	108.66	104.44	-8.96	178.15	94.81	-100.0	66.49	9.74	2.25507	-553.44	0.0	0.0	0.0	0.0	0	Failed
06-WaermeleitungStrahlung	Variante 1 konv. Wärmeleitung Innen Ostwand	ETU	ETU Simulation	4.1	Dr. Rainer Rolffs, ETU Hottgenroth	0	582.57	105.19	-0.77	55.97	20.2	-100.0	28.74	4.49	-99	-99	-99	0.0	0.0	0.0	0	Failed
06-WaermeleitungStrahlung	Variante 1 konv. Wärmeleitung Innen Südwand	ETU	ETU Simulation	4.1	Dr. Rainer Rolffs, ETU Hottgenroth	0	119.86	104.45	-2.83	101.85	11.53	-100.0	43.29	3.4	-99	-99	-99	0.0	0.0	0.0	0	Failed
06-WaermeleitungStrahlung	Variante 1 konv. Wärmeleitung Innen Westwand	ETU	ETU Simulation	4.1	Dr. Rainer Rolffs, ETU Hottgenroth	0	-160.42	104.66	4.14	72.87	44.19	-100.0	34.09	6.65	-99	-99	-99	0.0	0.0	0.0	0	Failed
06-WaermeleitungStrahlung	Variante 2 Raumlufttemperatur	ETU	ETU Simulation	4.1	Dr. Rainer Rolffs, ETU Hottgenroth	0	7.06	0.56	-0.5	11.54	4.66	-1.63	10.24	2.16	0.06846	93.67	8.4	40.89	20.0	30.09	92.12	Silver
06-WaermeleitungStrahlung	Variante 2 abs. Strahlung Dach	ETU	ETU Simulation	4.1	Dr. Rainer Rolffs, ETU Hottgenroth	0	5.24	0.22	-2.24	2.48	62.19	-1.49	1.89	7.89	0.59445	99.77	165.9	419.0	0.0	148.24	98.66	Gold
06-WaermeleitungStrahlung	Variante 2 abs. Strahlung Boden	ETU	ETU Simulation	4.1	Dr. Rainer Rolffs, ETU Hottgenroth	0	3.31	0.5	0.09	1.56	0.99	0.31	1.19	1.0	0.28408	99.91	33.02	84.0	0.0	30.19	98.93	Gold
06-WaermeleitungStrahlung	Variante 2 abs. Strahlung Nordwand	ETU	ETU Simulation	4.1	Dr. Rainer Rolffs, ETU Hottgenroth	0	58.24	40.91	-6.56	51.14	418.1	-18.69	9.74	20.45	0.90829	82.45	36.42	131.0	0.0	28.55	71.44	Failed
06-WaermeleitungStrahlung	Variante 2 abs. Strahlung Ostwand	ETU	ETU Simulation	4.1	Dr. Rainer Rolffs, ETU Hottgenroth	0	15.43	0.42	-0.8	21.98	154.01	-0.99	2.83	12.41	0.78544	99.18	140.83	440.0	0.0	79.63	88.59	Bronze
06-WaermeleitungStrahlung	Variante 2 abs. Strahlung Südwand	ETU	ETU Simulation	4.1	Dr. Rainer Rolffs, ETU Hottgenroth	0	2.38	0.48	0.04	1.19	2.7	0.06	0.58	1.64	0.19376	99.97	99.4	282.0	0.0	69.06	99.26	Gold
06-WaermeleitungStrahlung	Variante 2 abs. Strahlung Westwand	ETU	ETU Simulation	4.1	Dr. Rainer Rolffs, ETU Hottgenroth	0	35.4	2.08	-11.6	19.84	1452.03	-10.78	8.34	38.11	0.76809	94.41	147.32	447.79	0.0	96.05	89.79	Bronze
06-WaermeleitungStrahlung	Variante 2 Oberflächen-Temp. Dach	ETU	ETU Simulation	4.1	Dr. Rainer Rolffs, ETU Hottgenroth	0	104.6	106.04	-31.68	149.36	1097.83	-100.0	140.04	33.13	3.4537	-1061.9	0.0	0.0	0.0	0.0	0	Failed
06-WaermeleitungStrahlung	Variante 2 Oberflächen-Temp. Boden	ETU	ETU Simulation	4.1	Dr. Rainer Rolffs, ETU Hottgenroth	0	103.44	105.95	-29.69	178.29	942.85	-100.0	160.04	30.71	3.39969	-1429.79	0.0	0.0	0.0	0.0	0	Failed
06-WaermeleitungStrahlung	Variante 2 Oberflächen-Temp. Nordwand	ETU	ETU Simulation	4.1	Dr. Rainer Rolffs, ETU Hottgenroth	0	103.44	105.97	-29.77	182.25	948.13	-100.0	151.28	30.79	3.40229	-1427.04	0.0	0.0	0.0	0.0	0	Failed
06-WaermeleitungStrahlung	Variante 2 Oberflächen-Temp. Ostwand	ETU	ETU Simulation	4.1	Dr. Rainer Rolffs, ETU Hottgenroth	0	103.54	105.98	-30.52	177.58	998.52	-100.0	151.8	31.6	3.42511	-1385.95	0.0	0.0	0.0	0.0	0	Failed
06-WaermeleitungStrahlung	Variante 2 Oberflächen-Temp. Südwand	ETU	ETU Simulation	4.1	Dr. Rainer Rolffs, ETU Hottgenroth	0	103.93	105.99	-30.33	166.38	993.46	-100.0	148.17	31.52	3.41695	-1248.91	0.0	0.0	0.0	0.0	0	Failed
06-WaermeleitungStrahlung	Variante 2 Oberflächen-Temp. Westwand	ETU	ETU Simulation	4.1	Dr. Rainer Rolffs, ETU Hottgenroth	0	104.58	106.07	-30.97	175.82	1048.82	-100.0	127.21	32.39	3.43293	-1067.51	0.0	0.0	0.0	0.0	0	Failed
06-WaermeleitungStrahlung	Variante 2 konv. Wärmeleitung Innen Dach	ETU	ETU Simulation	4.1	Dr. Rainer Rolffs, ETU Hottgenroth	0	-184.1	106.37	2.72	79.1	25.04	-100.0	35.7	5.0	-99	-99	-99	0.0	0.0	0.0	0	Failed
06-WaermeleitungStrahlung	Variante 2 konv. Wärmeleitung Innen Boden	ETU	ETU Simulation	4.1	Dr. Rainer Rolffs, ETU Hottgenroth	0	132.23	106.23	-2.26	74.54	8.9	-100.0	55.23	2.98	1.19214	-133.6	0.0	0.0	0.0	0.0	0	Failed
06-WaermeleitungStrahlung	Variante 2 konv. Wärmeleitung Innen Nordwand	ETU	ETU Simulation	4.1	Dr. Rainer Rolffs, ETU Hottgenroth	0	158.51	106.31	-2.05	64.92	10.55	-100.0	41.93	3.25	-99	-99	-99	0.0	0.0	0.0	0	Failed
06-WaermeleitungStrahlung	Variante 2 konv. Wärmeleitung Innen Ostwand	ETU	ETU Simulation	4.1	Dr. Rainer Rolffs, ETU Hottgenroth	0	2721.11	106.39	-0.18	109.27	23.16	-100.0	27.69	4.81	-99	-99	-99	0.0	0.0	0.0	0	Failed
06-WaermeleitungStrahlung	Variante 2 konv. Wärmeleitung Innen Südwand	ETU	ETU Simulation	4.1	Dr. Rainer Rolffs, ETU Hottgenroth	0	447.89	106.35	-0.65	139.85	8.43	-100.0	25.88	2.9	-99	-99	-99	0.0	0.0	0.0	0	Failed
06-WaermeleitungStrahlung	Variante 2 konv. Wärmeleitung Innen Westwand	ETU	ETU Simulation	4.1	Dr. Rainer Rolffs, ETU Hottgenroth	0	-542.13	106.4	0.95	149.09	26.43	-100.0	29.2	5.14	-99	-99	-99	0.0	0.0	0.0	0	Failed
06-WaermeleitungStrahlung	Variante 1 Raumlufttemperatur	IDAICE	IDA ICE	4.8.0.1	Caroline Seifert, INNIUS DÖ	0	0.89	8.99	-0.12	8.67	0.07	-0.39	1.93	0.27	0.00931	99.37	3.49	34.1	20.04	30.45	94.75	Silver
06-WaermeleitungStrahlung	Variante 1 abs. Strahlung Dach	IDAICE	IDA ICE	4.8.0.1	Caroline Seifert, INNIUS DÖ	0	27.37	0.06	-2.6	12.93	1696.4	-1.72	9.85	41.19	0.6059	93.71	164.74	417.93	0.0	147.88	91.55	Silver
06-WaermeleitungStrahlung	Variante 1 abs. Strahlung Boden	IDAICE	IDA ICE	4.8.0.1	Caroline Seifert, INNIUS DÖ	0	27.18	0.06	-0.46	12.84	66.93	-1.53	9.78	8.18	0.43401	93.79	32.9	83.59	0.0	29.64	91.58	Silver
06-WaermeleitungStrahlung	Variante 1 abs. Strahlung Nordwand	IDAICE	IDA ICE	4.8.0.1	Caroline Seifert, INNIUS DÖ	0	84.75	16.97	3.42	74.39	884.94	9.73	14.17	29.75	0.73977	62.85	57.36	243.61	0.0	38.52	53.98	Failed
06-WaermeleitungStrahlung	Variante 1 abs. Strahlung Ostwand	IDAICE	IDA ICE	4.8.0.1	Caroline Seifert, INNIUS DÖ	0	60.74	0.16	-8.49	86.52	2386.23	-10.56	11.15	48.85	0.49898	87.27	125.99	437.41	-0.16	71.93	55.36	Failed
06-WaermeleitungStrahlung	Variante 1 abs. Strahlung Südwand	IDAICE	IDA ICE	4.8.0.1	Caroline Seifert, INNIUS DÖ	0	49.1	0.22	-0.31	24.55	1148.17	-0.46	12.05	33.88	0.59325	88.25	98.77	280.2	-0.16	68.7	84.6	Bronze
06-WaermeleitungStrahlung	Variante 1 abs. Strahlung Westwand	IDAICE	IDA ICE	4.8.0.1	Caroline Seifert, INNIUS DÖ	0	47.26	0.14	6.87	26.48	2588.1	6.39	11.13	50.87	0.80891	90.04	164.52	456.22	0.0	114.52	82.83	Bronze
06-WaermeleitungStrahlung	Variante 1 Oberflächen-Temp. Dach	IDAICE	IDA ICE	4.8.0.1	Caroline Seifert, INNIUS DÖ	0	1.91	9.12	-0.39	10.18	0.46	-1.1	3.11	0.68	0.01964	98.48	5.55	41.59	20.07	34.93	93.82	Silver
06-WaermeleitungStrahlung	Variante 1 Oberflächen-Temp. Boden	IDAICE	IDA ICE	4.8.0.1	Caroline Seifert, INNIUS DÖ	0	1.53	8.34	-0.36	23.67	0.17	-1.34	4.81	0.41	0.01493	96.09	2.01	28.15	20.02	26.26	86.64	Bronze
06-WaermeleitungStrahlung	Variante 1 Oberflächen-Temp. Nordwand	IDAICE	IDA ICE	4.8.0.1	Caroline Seifert, INNIUS DÖ	0	1.18	32.01	-0.06	31.94	0.1	-0.23	3.47	0.32	0.0116	97.81	2.26	29.56	20.04	26.92	81.14	Bronze
06-WaermeleitungStrahlung	Variante 1 Oberflächen-Temp. Ostwand	IDAICE	IDA ICE	4.8.0.1	Caroline Seifert, INNIUS DÖ	0	1.18	2.45	-0.31	8.61	0.13	-1.02	2.49	0.36	0.01135	98.98	3.46	33.82	20.04	29.95	95.18	Gold
06-WaermeleitungStrahlung	Variante 1 Oberflächen-Temp. Südwand	IDAICE	IDA ICE	4.8.0.1	Caroline Seifert, INNIUS DÖ	0	1.78	16.22	0.25	13.81	0.27	0.85	3.93	0.52	0.01668	97.44	3.5	33.99	20.04	29.68	90.96	Silver
06-WaermeleitungStrahlung	Variante 1 Oberflächen-Temp. Westwand	IDAICE	IDA ICE	4.8.0.1	Caroline Seifert, INNIUS DÖ	0	1.6	9.91	0.23	9.85	0.27	0.72	2.81	0.52	0.01503	98.71	4.78	39.04	20.04	32.46	93.7	Silver
06-WaermeleitungStrahlung	Variante 1 konv. Wärmeleitung Innen Dach	IDAICE	IDA ICE	4.8.0.1	Caroline Seifert, INNIUS DÖ	0	-18.49	8.59	0.67	25.85	4.83	-5.67	10.72	2.2	-99	-99	-99	-0.06	-20.31	-11.21	65.76	Failed
06-WaermeleitungStrahlung	Variante 1 konv. Wärmeleitung Innen Boden	IDAICE	IDA ICE	4.8.0.1	Caroline Seifert, INNIUS DÖ	0	9.07	8.89	0.59	22.98	0.8	5.98	6.33	0.9	0.08176	93.61	3.78	15.1	0.06	10.45	85.23	Bronze
06-WaermeleitungStrahlung	Variante 1 konv. Wärmeleitung Innen Nordwand	IDAICE	IDA ICE	4.8.0.1	Caroline Seifert, INNIUS DÖ	0	16.81	13.12	-0.14	27.57	2.27	-1.62	10.29	1.51	0.15202	84.36	4.03	15.14	0.0	8.82	82.33	Bronze
06-WaermeleitungStrahlung	Variante 1 konv. Wärmeleitung Innen Ostwand	IDAICE	IDA ICE	4.8.0.1	Caroline Seifert, INNIUS DÖ	0	250.8	1.39	0.47	24.09	3.74	60.79	12.37	1.94	-99	-99	-99	6.75	-8.76	1.24	55.77	Failed
06-WaermeleitungStrahlung	Variante 1 konv. Wärmeleitung Innen Südwand	IDAICE	IDA ICE	4.8.0.1	Caroline Seifert, INNIUS DÖ	0	56.83	18.99	-0.92	48.29	2.59	-32.55	20.53	1.61	-99	-99	-99	4.38	-4.35	1.91	56.69	Failed
06-WaermeleitungStrahlung	Variante 1 konv. Wärmeleitung Innen Westwand	IDAICE	IDA ICE	4.8.0.1	Caroline Seifert, INNIUS DÖ	0	-55.79	8.19	-0.88	25.34	5.35	21.33	11.86	2.31	-99	-99	-99	7.94	-13.12	-5.03	61.35	Failed
06-WaermeleitungStrahlung	Variante 2 Raumlufttemperatur	IDAICE	IDA ICE	4.8.0.1	Caroline Seifert, INNIUS DÖ	0	2.98	2.23	-0.12	4.87	0.83	-0.41	4.32	0.91	0.03159	98.87	8.44	40.63	20.04	30.46	96.65	Gold
06-WaermeleitungStrahlung	Variante 2 abs. Strahlung Dach	IDAICE	IDA ICE	4.8.0.1	Caroline Seifert, INNIUS DÖ	0	27.37	0.06	-2.6	12.93	1696.48	-1.73	9.85	41.19	0.60587	93.71	164.74	417.93	0.0	147.88	91.55	Silver
06-WaermeleitungStrahlung	Variante 2 abs. Strahlung Boden	IDAICE	IDA ICE	4.8.0.1	Caroline Seifert, INNIUS DÖ	0	27.18	0.06	-0.46	12.84	66.94	-1.53	9.78	8.18	0.43399	93.79	32.9	83.59	0.0	29.64	91.58	Silver
06-WaermeleitungStrahlung	Variante 2 abs. Strahlung Nordwand	IDAICE	IDA ICE	4.8.0.1	Caroline Seifert, INNIUS DÖ	0	84.75	16.98	3.41	74.4	885.19	9.72	14.17	29.75	0.74028	62.84	57.36	243.61	0.0	38.52	53.97	Failed
06-WaermeleitungStrahlung	Variante 2 abs. Strahlung Ostwand	IDAICE	IDA ICE	4.8.0.1	Caroline Seifert, INNIUS DÖ	0	60.74	0.16	-8.49	86.52	2386.18	-10.56	11.15	48.85	0.49897	87.27	125.99	437.41	-0.16	71.93	55.36	Failed
06-WaermeleitungStrahlung	Variante 2 abs. Strahlung Südwand	IDAICE	IDA ICE	4.8.0.1	Caroline Seifert, INNIUS DÖ	0	49.1	0.22	-0.32	24.55	1148.24	-0.46	12.06	33.89	0.59325	88.25	98.77	280.2	-0.16	68.7	84.6	Bronze
06-WaermeleitungStrahlung	Variante 2 abs. Strahlung Westwand	IDAICE	IDA ICE	4.8.0.1	Caroline Seifert, INNIUS DÖ	0	47.26	0.14	6.87	26.49	2588.42	6.38	11.13	50.88	0.80936	90.04	164.52	456.22	0.0	114.52	82.83	Bronze
06-WaermeleitungStrahlung	Variante 2 Oberflächen-Temp. Dach	IDAICE	IDA ICE	4.8.0.1	Caroline Seifert, INNIUS DÖ	0	2.94	1.88	-0.23	4.19	0.86	-0.72	3.93	0.93	0.03166	99.08	9.49	43.24	20.05	31.45	97.15	Gold
06-WaermeleitungStrahlung	Variante 2 Oberflächen-Temp. Boden	IDAICE	IDA ICE	4.8.0.1	Caroline Seifert, INNIUS DÖ	0	2.59	2.21	-0.14	4.46	0.59	-0.47	4.0	0.77	0.0272	99.04	7.7	38.77	20.04	29.54	96.94	Gold
06-WaermeleitungStrahlung	Variante 2 Oberflächen-Temp. Nordwand	IDAICE	IDA ICE	4.8.0.1	Caroline Seifert, INNIUS DÖ	0	3.33	2.58	-0.07	5.86	0.98	-0.25	4.87	0.99	0.03375	98.42	7.8	39.85	20.04	29.69	95.97	Gold
06-WaermeleitungStrahlung	Variante 2 Oberflächen-Temp. Ostwand	IDAICE	IDA ICE	4.8.0.1	Caroline Seifert, INNIUS DÖ	0	3.55	0.7	-0.17	6.1	1.18	-0.54	5.21	1.08	0.03701	98.25	8.08	40.96	20.04	30.35	95.95	Gold
06-WaermeleitungStrahlung	Variante 2 Oberflächen-Temp. Südwand	IDAICE	IDA ICE	4.8.0.1	Caroline Seifert, INNIUS DÖ	0	2.37	0.34	-0.03	3.79	0.51	-0.11	3.37	0.72	0.02577	99.3	8.53	41.34	20.04	30.29	97.47	Gold
06-WaermeleitungStrahlung	Variante 2 Oberflächen-Temp. Westwand	IDAICE	IDA ICE	4.8.0.1	Caroline Seifert, INNIUS DÖ	0	3.37	3.39	-0.06	5.66	1.09	-0.19	4.1	1.04	0.03336	98.79	9.3	44.66	20.04	30.91	96.17	Gold
06-WaermeleitungStrahlung	Variante 2 konv. Wärmeleitung Innen Dach	IDAICE	IDA ICE	4.8.0.1	Caroline Seifert, INNIUS DÖ	0	-44.64	3.41	0.26	19.18	1.47	-9.55	8.66	1.21	-99	-99	-99	3.4	-10.3	-2.46	70.43	Failed
06-WaermeleitungStrahlung	Variante 2 konv. Wärmeleitung Innen Boden	IDAICE	IDA ICE	4.8.0.1	Caroline Seifert, INNIUS DÖ	0	20.34	3.12	0.04	11.47	0.21	1.76	8.5	0.46	0.13779	94.47	1.94	5.25	0.01	2.3	91.79	Silver
06-WaermeleitungStrahlung	Variante 2 konv. Wärmeleitung Innen Nordwand	IDAICE	IDA ICE	4.8.0.1	Caroline Seifert, INNIUS DÖ	0	55.33	16.75	-0.12	22.66	1.29	-6.03	14.64	1.13	-99	-99	-99	5.75	-3.17	1.93	66.22	Failed
06-WaermeleitungStrahlung	Variante 2 konv. Wärmeleitung Innen Ostwand	IDAICE	IDA ICE	4.8.0.1	Caroline Seifert, INNIUS DÖ	0	776.8	3.4	0.1	31.19	1.89	57.38	7.9	1.37	-99	-99	-99	5.68	-11.13	0.28	53.4	Failed
06-WaermeleitungStrahlung	Variante 2 konv. Wärmeleitung Innen Südwand	IDAICE	IDA ICE	4.8.0.1	Caroline Seifert, INNIUS DÖ	0	198.7	2.17	-0.22	62.04	1.66	-34.7	11.48	1.29	-99	-99	-99	5.53	-5.82	0.42	52.81	Failed
06-WaermeleitungStrahlung	Variante 2 konv. Wärmeleitung Innen Westwand	IDAICE	IDA ICE	4.8.0.1	Caroline Seifert, INNIUS DÖ	0	-151.74	3.04	-0.16	41.73	2.07	17.07	8.17	1.44	-99	-99	-99	5.54	-11.53	-1.11	54.83	Failed
06-WaermeleitungStrahlung	Variante 1 Raumlufttemperatur	NANDRAD	NANDRAD	1.8	Dirk Weiß, IBK TU Dresden	0	0.0	0.0	0.0	0.0	0.0	0.0	0.0	0.0	0.0	100.0	3.44	34.06	20.0	30.57	100.0	Gold
06-WaermeleitungStrahlung	Variante 1 abs. Strahlung Dach	NANDRAD	NANDRAD	1.8	Dirk Weiß, IBK TU Dresden	0	0.0	0.0	0.0	0.0	0.0	0.0	0.0	0.0	0.0	100.0	164.2	418.23	-0.0	150.48	100.0	Gold
06-WaermeleitungStrahlung	Variante 1 abs. Strahlung Boden	NANDRAD	NANDRAD	1.8	Dirk Weiß, IBK TU Dresden	0	0.0	0.0	0.0	0.0	0.0	0.0	0.0	0.0	0.0	100.0	32.84	83.65	-0.0	30.1	100.0	Gold
06-WaermeleitungStrahlung	Variante 1 abs. Strahlung Nordwand	NANDRAD	NANDRAD	1.8	Dirk Weiß, IBK TU Dresden	0	0.0	0.0	0.0	0.0	0.0	0.0	0.0	0.0	0.0	100.0	48.81	209.99	-0.0	35.1	100.0	Gold
06-WaermeleitungStrahlung	Variante 1 abs. Strahlung Ostwand	NANDRAD	NANDRAD	1.8	Dirk Weiß, IBK TU Dresden	0	0.0	0.0	0.0	0.0	0.0	0.0	0.0	0.0	0.0	100.0	136.93	437.97	0.0	80.42	100.0	Gold
06-WaermeleitungStrahlung	Variante 1 abs. Strahlung Südwand	NANDRAD	NANDRAD	1.8	Dirk Weiß, IBK TU Dresden	0	0.0	0.0	0.0	0.0	0.0	0.0	0.0	0.0	0.0	100.0	98.87	281.09	0.0	69.02	100.0	Gold
06-WaermeleitungStrahlung	Variante 1 abs. Strahlung Westwand	NANDRAD	NANDRAD	1.8	Dirk Weiß, IBK TU Dresden	0	0.0	0.0	0.0	0.0	0.0	0.0	0.0	0.0	0.0	100.0	161.2	456.91	-0.0	107.65	100.0	Gold
06-WaermeleitungStrahlung	Variante 1 Oberflächen-Temp. Dach	NANDRAD	NANDRAD	1.8	Dirk Weiß, IBK TU Dresden	0	0.0	0.0	0.0	0.0	0.0	0.0	0.0	0.0	0.0	100.0	5.47	41.69	20.0	35.32	100.0	Gold
06-WaermeleitungStrahlung	Variante 1 Oberflächen-Temp. Boden	NANDRAD	NANDRAD	1.8	Dirk Weiß, IBK TU Dresden	0	0.0	0.0	0.0	0.0	0.0	0.0	0.0	0.0	0.0	100.0	2.06	28.47	20.0	26.62	100.0	Gold
06-WaermeleitungStrahlung	Variante 1 Oberflächen-Temp. Nordwand	NANDRAD	NANDRAD	1.8	Dirk Weiß, IBK TU Dresden	0	0.0	0.0	0.0	0.0	0.0	0.0	0.0	0.0	0.0	100.0	2.16	29.21	20.0	26.98	100.0	Gold
06-WaermeleitungStrahlung	Variante 1 Oberflächen-Temp. Ostwand	NANDRAD	NANDRAD	1.8	Dirk Weiß, IBK TU Dresden	0	0.0	0.0	0.0	0.0	0.0	0.0	0.0	0.0	0.0	100.0	3.54	34.34	20.0	30.26	100.0	Gold
06-WaermeleitungStrahlung	Variante 1 Oberflächen-Temp. Südwand	NANDRAD	NANDRAD	1.8	Dirk Weiß, IBK TU Dresden	0	0.0	0.0	0.0	0.0	0.0	0.0	0.0	0.0	0.0	100.0	3.27	33.29	20.0	29.43	100.0	Gold
06-WaermeleitungStrahlung	Variante 1 Oberflächen-Temp. Westwand	NANDRAD	NANDRAD	1.8	Dirk Weiß, IBK TU Dresden	0	0.0	0.0	0.0	0.0	0.0	0.0	0.0	0.0	0.0	100.0	4.54	38.36	20.0	32.22	100.0	Gold
06-WaermeleitungStrahlung	Variante 1 konv. Wärmeleitung Innen Dach	NANDRAD	NANDRAD	1.8	Dirk Weiß, IBK TU Dresden	0	-0.0	0.0	0.0	0.0	0.0	-0.0	0.0	0.0	-99	-99	-99	0.0	-20.49	-11.88	80.1	Bronze
06-WaermeleitungStrahlung	Variante 1 konv. Wärmeleitung Innen Boden	NANDRAD	NANDRAD	1.8	Dirk Weiß, IBK TU Dresden	0	0.0	0.0	0.0	0.0	0.0	0.0	0.0	0.0	0.0	100.0	3.54	14.14	0.0	9.87	100.0	Gold
06-WaermeleitungStrahlung	Variante 1 konv. Wärmeleitung Innen Nordwand	NANDRAD	NANDRAD	1.8	Dirk Weiß, IBK TU Dresden	0	0.0	0.0	0.0	0.0	0.0	0.0	0.0	0.0	0.0	100.0	3.81	14.64	-0.0	8.96	100.0	Gold
06-WaermeleitungStrahlung	Variante 1 konv. Wärmeleitung Innen Ostwand	NANDRAD	NANDRAD	1.8	Dirk Weiß, IBK TU Dresden	0	0.0	0.0	0.0	0.0	0.0	0.0	0.0	0.0	-99	-99	-99	6.05	-9.59	0.77	80.1	Bronze
06-WaermeleitungStrahlung	Variante 1 konv. Wärmeleitung Innen Südwand	NANDRAD	NANDRAD	1.8	Dirk Weiß, IBK TU Dresden	0	0.0	0.0	0.0	0.0	0.0	0.0	0.0	0.0	-99	-99	-99	5.32	-2.53	2.83	80.1	Bronze
06-WaermeleitungStrahlung	Variante 1 konv. Wärmeleitung Innen Westwand	NANDRAD	NANDRAD	1.8	Dirk Weiß, IBK TU Dresden	0	-0.0	0.0	0.0	0.0	0.0	-0.0	0.0	0.0	-99	-99	-99	7.89	-11.61	-4.14	80.1	Bronze
06-WaermeleitungStrahlung	Variante 2 Raumlufttemperatur	NANDRAD	NANDRAD	1.8	Dirk Weiß, IBK TU Dresden	0	0.0	0.0	0.0	0.0	0.0	0.0	0.0	0.0	0.0	100.0	8.58	41.08	20.0	30.59	100.0	Gold
06-WaermeleitungStrahlung	Variante 2 abs. Strahlung Dach	NANDRAD	NANDRAD	1.8	Dirk Weiß, IBK TU Dresden	0	0.0	0.0	0.0	0.0	0.0	0.0	0.0	0.0	0.0	100.0	164.2	418.23	-0.0	150.48	100.0	Gold
06-WaermeleitungStrahlung	Variante 2 abs. Strahlung Boden	NANDRAD	NANDRAD	1.8	Dirk Weiß, IBK TU Dresden	0	0.0	0.0	0.0	0.0	0.0	0.0	0.0	0.0	0.0	100.0	32.84	83.65	-0.0	30.1	100.0	Gold
06-WaermeleitungStrahlung	Variante 2 abs. Strahlung Nordwand	NANDRAD	NANDRAD	1.8	Dirk Weiß, IBK TU Dresden	0	0.0	0.0	0.0	0.0	0.0	0.0	0.0	0.0	0.0	100.0	48.8	209.98	-0.0	35.11	100.0	Gold
06-WaermeleitungStrahlung	Variante 2 abs. Strahlung Ostwand	NANDRAD	NANDRAD	1.8	Dirk Weiß, IBK TU Dresden	0	0.0	0.0	0.0	0.0	0.0	0.0	0.0	0.0	0.0	100.0	136.93	437.97	-0.0	80.42	100.0	Gold
06-WaermeleitungStrahlung	Variante 2 abs. Strahlung Südwand	NANDRAD	NANDRAD	1.8	Dirk Weiß, IBK TU Dresden	0	0.0	0.0	0.0	0.0	0.0	0.0	0.0	0.0	0.0	100.0	98.87	281.09	-0.0	69.02	100.0	Gold
06-WaermeleitungStrahlung	Variante 2 abs. Strahlung Westwand	NANDRAD	NANDRAD	1.8	Dirk Weiß, IBK TU Dresden	0	0.0	0.0	0.0	0.0	0.0	0.0	0.0	0.0	0.0	100.0	161.19	456.91	-0.0	107.65	100.0	Gold
06-WaermeleitungStrahlung	Variante 2 Oberflächen-Temp. Dach	NANDRAD	NANDRAD	1.8	Dirk Weiß, IBK TU Dresden	0	0.0	0.0	0.0	0.0	0.0	0.0	0.0	0.0	0.0	100.0	9.72	43.66	20.0	31.68	100.0	Gold
06-WaermeleitungStrahlung	Variante 2 Oberflächen-Temp. Boden	NANDRAD	NANDRAD	1.8	Dirk Weiß, IBK TU Dresden	0	0.0	0.0	0.0	0.0	0.0	0.0	0.0	0.0	0.0	100.0	7.85	39.19	20.0	29.69	100.0	Gold
06-WaermeleitungStrahlung	Variante 2 Oberflächen-Temp. Nordwand	NANDRAD	NANDRAD	1.8	Dirk Weiß, IBK TU Dresden	0	0.0	0.0	0.0	0.0	0.0	0.0	0.0	0.0	0.0	100.0	7.88	40.35	20.0	29.77	100.0	Gold
06-WaermeleitungStrahlung	Variante 2 Oberflächen-Temp. Ostwand	NANDRAD	NANDRAD	1.8	Dirk Weiß, IBK TU Dresden	0	0.0	0.0	0.0	0.0	0.0	0.0	0.0	0.0	0.0	100.0	8.2	40.82	20.0	30.52	100.0	Gold
06-WaermeleitungStrahlung	Variante 2 Oberflächen-Temp. Südwand	NANDRAD	NANDRAD	1.8	Dirk Weiß, IBK TU Dresden	0	0.0	0.0	0.0	0.0	0.0	0.0	0.0	0.0	0.0	100.0	8.58	41.27	20.0	30.33	100.0	Gold
06-WaermeleitungStrahlung	Variante 2 Oberflächen-Temp. Westwand	NANDRAD	NANDRAD	1.8	Dirk Weiß, IBK TU Dresden	0	0.0	0.0	0.0	0.0	0.0	0.0	0.0	0.0	0.0	100.0	9.48	45.46	20.0	30.97	100.0	Gold
06-WaermeleitungStrahlung	Variante 2 konv. Wärmeleitung Innen Dach	NANDRAD	NANDRAD	1.8	Dirk Weiß, IBK TU Dresden	0	-0.0	0.0	0.0	0.0	0.0	-0.0	0.0	0.0	-99	-99	-99	3.01	-11.0	-2.72	80.1	Bronze
06-WaermeleitungStrahlung	Variante 2 konv. Wärmeleitung Innen Boden	NANDRAD	NANDRAD	1.8	Dirk Weiß, IBK TU Dresden	0	0.0	0.0	0.0	0.0	0.0	0.0	0.0	0.0	0.0	100.0	1.95	5.4	0.0	2.26	100.0	Gold
06-WaermeleitungStrahlung	Variante 2 konv. Wärmeleitung Innen Nordwand	NANDRAD	NANDRAD	1.8	Dirk Weiß, IBK TU Dresden	0	0.0	0.0	0.0	0.0	0.0	0.0	0.0	0.0	-99	-99	-99	5.89	-1.86	2.05	80.1	Bronze
06-WaermeleitungStrahlung	Variante 2 konv. Wärmeleitung Innen Ostwand	NANDRAD	NANDRAD	1.8	Dirk Weiß, IBK TU Dresden	0	0.0	0.0	0.0	0.0	0.0	0.0	0.0	0.0	-99	-99	-99	5.94	-11.44	0.18	80.1	Bronze
06-WaermeleitungStrahlung	Variante 2 konv. Wärmeleitung Innen Südwand	NANDRAD	NANDRAD	1.8	Dirk Weiß, IBK TU Dresden	0	0.0	0.0	0.0	0.0	0.0	0.0	0.0	0.0	-99	-99	-99	5.84	-5.38	0.65	80.1	Bronze
06-WaermeleitungStrahlung	Variante 2 konv. Wärmeleitung Innen Westwand	NANDRAD	NANDRAD	1.8	Dirk Weiß, IBK TU Dresden	0	-0.0	0.0	0.0	0.0	0.0	-0.0	0.0	0.0	-99	-99	-99	5.46	-12.14	-0.95	80.1	Bronze
06-WaermeleitungStrahlung	Variante 1 Raumlufttemperatur	TAS	TAS	9.5.0	Rainer Strobel, PGMM	0	1.67	8.03	-0.45	16.28	0.26	-1.47	3.63	0.51	0.01559	97.79	3.27	33.4	20.0	30.12	90.74	Silver
06-WaermeleitungStrahlung	Variante 1 abs. Strahlung Dach	TAS	TAS	9.5.0	Rainer Strobel, PGMM	0	3.25	0.2	0.41	1.53	23.86	0.27	1.17	4.88	0.57875	99.91	165.03	418.99	0.0	150.89	98.97	Gold
06-WaermeleitungStrahlung	Variante 1 abs. Strahlung Boden	TAS	TAS	9.5.0	Rainer Strobel, PGMM	0	7.21	0.2	-0.84	3.41	4.71	-2.79	2.59	2.17	0.31126	99.56	33.17	83.8	0.0	29.26	98.27	Gold
06-WaermeleitungStrahlung	Variante 1 abs. Strahlung Nordwand	TAS	TAS	9.5.0	Rainer Strobel, PGMM	0	51.67	15.71	-8.02	45.36	329.01	-22.84	8.64	18.14	1.29245	86.19	55.37	241.04	0.0	27.08	77.26	Failed
06-WaermeleitungStrahlung	Variante 1 abs. Strahlung Ostwand	TAS	TAS	9.5.0	Rainer Strobel, PGMM	0	24.51	5.11	-5.42	34.92	388.71	-6.74	4.5	19.72	1.3849	97.93	146.04	459.42	0.0	75.0	82.37	Bronze
06-WaermeleitungStrahlung	Variante 1 abs. Strahlung Südwand	TAS	TAS	9.5.0	Rainer Strobel, PGMM	0	2.81	0.39	-0.55	1.4	3.75	-0.8	0.69	1.94	0.2262	99.96	99.53	280.97	0.0	68.47	99.29	Gold
06-WaermeleitungStrahlung	Variante 1 abs. Strahlung Westwand	TAS	TAS	9.5.0	Rainer Strobel, PGMM	0	15.75	0.19	-5.28	8.82	287.27	-4.9	3.71	16.95	1.29959	98.89	167.74	455.31	0.0	102.37	95.66	Gold
06-WaermeleitungStrahlung	Variante 1 Oberflächen-Temp. Dach	TAS	TAS	9.5.0	Rainer Strobel, PGMM	0	1.32	3.89	-0.31	7.05	0.22	-0.87	2.16	0.47	0.01219	99.27	5.33	41.15	19.99	35.01	95.93	Gold
06-WaermeleitungStrahlung	Variante 1 Oberflächen-Temp. Boden	TAS	TAS	9.5.0	Rainer Strobel, PGMM	0	0.65	4.47	-0.15	10.11	0.03	-0.57	2.06	0.17	0.00616	99.29	2.01	28.26	20.0	26.47	94.33	Silver
06-WaermeleitungStrahlung	Variante 1 Oberflächen-Temp. Nordwand	TAS	TAS	9.5.0	Rainer Strobel, PGMM	0	2.75	15.06	-0.67	74.1	0.55	-2.48	8.05	0.74	0.02617	88.23	1.95	28.29	20.0	26.31	59.84	Failed
06-WaermeleitungStrahlung	Variante 1 Oberflächen-Temp. Ostwand	TAS	TAS	9.5.0	Rainer Strobel, PGMM	0	2.1	4.81	-0.58	15.3	0.4	-1.9	4.43	0.63	0.01984	96.78	3.36	33.79	20.0	29.68	91.29	Silver
06-WaermeleitungStrahlung	Variante 1 Oberflächen-Temp. Südwand	TAS	TAS	9.5.0	Rainer Strobel, PGMM	0	1.04	3.98	-0.21	8.12	0.09	-0.72	2.31	0.31	0.00969	99.12	3.18	32.95	20.0	29.22	95.32	Gold
06-WaermeleitungStrahlung	Variante 1 Oberflächen-Temp. Westwand	TAS	TAS	9.5.0	Rainer Strobel, PGMM	0	2.4	2.22	-0.62	14.77	0.6	-1.92	4.21	0.77	0.02255	97.11	4.36	37.52	20.0	31.6	91.8	Silver
06-WaermeleitungStrahlung	Variante 1 konv. Wärmeleitung Innen Dach	TAS	TAS	9.5.0	Rainer Strobel, PGMM	0	-3.32	1.6	-0.35	4.64	0.16	2.97	1.92	0.39	-99	-99	-99	0.01	-20.7	-12.24	76.86	Failed
06-WaermeleitungStrahlung	Variante 1 konv. Wärmeleitung Innen Boden	TAS	TAS	9.5.0	Rainer Strobel, PGMM	0	8.13	10.52	-0.74	20.6	0.64	-7.52	5.68	0.8	0.06862	94.87	3.25	12.99	-0.01	9.12	88.79	Bronze
06-WaermeleitungStrahlung	Variante 1 konv. Wärmeleitung Innen Nordwand	TAS	TAS	9.5.0	Rainer Strobel, PGMM	0	7.02	2.71	0.55	11.5	0.4	6.15	4.29	0.63	0.05395	97.28	4.06	15.27	0.0	9.51	92.06	Silver
06-WaermeleitungStrahlung	Variante 1 konv. Wärmeleitung Innen Ostwand	TAS	TAS	9.5.0	Rainer Strobel, PGMM	0	49.28	2.5	0.32	4.73	0.14	41.24	2.43	0.38	-99	-99	-99	6.58	-9.43	1.09	70.29	Failed
06-WaermeleitungStrahlung	Variante 1 konv. Wärmeleitung Innen Südwand	TAS	TAS	9.5.0	Rainer Strobel, PGMM	0	22.68	4.56	-0.59	19.27	0.41	-20.96	8.19	0.64	-99	-99	-99	4.58	-2.76	2.24	72.29	Failed
06-WaermeleitungStrahlung	Variante 1 konv. Wärmeleitung Innen Westwand	TAS	TAS	9.5.0	Rainer Strobel, PGMM	0	-11.79	0.57	0.43	5.35	0.24	-10.35	2.5	0.49	-99	-99	-99	8.28	-11.11	-3.72	78.7	Failed
06-WaermeleitungStrahlung	Variante 2 Raumlufttemperatur	TAS	TAS	9.5.0	Rainer Strobel, PGMM	0	4.19	6.55	-0.45	6.85	1.64	-1.47	6.08	1.28	0.03913	97.77	7.94	39.87	20.0	30.14	95.15	Gold
06-WaermeleitungStrahlung	Variante 2 abs. Strahlung Dach	TAS	TAS	9.5.0	Rainer Strobel, PGMM	0	3.25	0.2	0.41	1.53	23.86	0.27	1.17	4.89	0.57877	99.91	165.03	418.99	0.0	150.89	98.97	Gold
06-WaermeleitungStrahlung	Variante 2 abs. Strahlung Boden	TAS	TAS	9.5.0	Rainer Strobel, PGMM	0	7.21	0.2	-0.84	3.41	4.71	-2.79	2.59	2.17	0.31128	99.56	33.17	83.8	0.0	29.26	98.27	Gold
06-WaermeleitungStrahlung	Variante 2 abs. Strahlung Nordwand	TAS	TAS	9.5.0	Rainer Strobel, PGMM	0	51.69	15.72	-8.02	45.38	329.34	-22.85	8.64	18.15	1.29279	86.17	55.37	241.04	0.0	27.08	77.25	Failed
06-WaermeleitungStrahlung	Variante 2 abs. Strahlung Ostwand	TAS	TAS	9.5.0	Rainer Strobel, PGMM	0	24.52	5.11	-5.42	34.93	388.81	-6.74	4.5	19.72	1.38493	97.93	146.04	459.42	0.0	75.0	82.36	Bronze
06-WaermeleitungStrahlung	Variante 2 abs. Strahlung Südwand	TAS	TAS	9.5.0	Rainer Strobel, PGMM	0	2.81	0.39	-0.55	1.4	3.76	-0.8	0.69	1.94	0.22622	99.96	99.53	280.97	0.0	68.47	99.29	Gold
06-WaermeleitungStrahlung	Variante 2 abs. Strahlung Westwand	TAS	TAS	9.5.0	Rainer Strobel, PGMM	0	15.76	0.19	-5.28	8.83	287.76	-4.91	3.71	16.96	1.2999	98.89	167.74	455.31	0.0	102.37	95.66	Gold
06-WaermeleitungStrahlung	Variante 2 Oberflächen-Temp. Dach	TAS	TAS	9.5.0	Rainer Strobel, PGMM	0	4.24	5.98	-0.45	6.06	1.81	-1.42	5.68	1.34	0.03983	98.09	9.08	42.38	19.99	31.23	95.67	Gold
06-WaermeleitungStrahlung	Variante 2 Oberflächen-Temp. Boden	TAS	TAS	9.5.0	Rainer Strobel, PGMM	0	3.69	5.75	-0.36	6.37	1.2	-1.21	5.72	1.1	0.03472	98.05	7.31	38.21	20.0	29.33	95.48	Gold
06-WaermeleitungStrahlung	Variante 2 Oberflächen-Temp. Nordwand	TAS	TAS	9.5.0	Rainer Strobel, PGMM	0	4.36	5.07	-0.47	7.69	1.69	-1.59	6.38	1.3	0.03966	97.28	7.24	39.46	20.0	29.29	94.75	Silver
06-WaermeleitungStrahlung	Variante 2 Oberflächen-Temp. Ostwand	TAS	TAS	9.5.0	Rainer Strobel, PGMM	0	4.36	6.22	-0.48	7.47	1.77	-1.56	6.39	1.33	0.04213	97.37	7.59	39.7	20.0	30.04	94.78	Silver
06-WaermeleitungStrahlung	Variante 2 Oberflächen-Temp. Südwand	TAS	TAS	9.5.0	Rainer Strobel, PGMM	0	3.95	7.11	-0.39	6.32	1.43	-1.28	5.63	1.2	0.03648	98.05	8.0	39.92	20.0	29.94	95.45	Gold
06-WaermeleitungStrahlung	Variante 2 Oberflächen-Temp. Westwand	TAS	TAS	9.5.0	Rainer Strobel, PGMM	0	4.98	5.81	-0.5	8.37	2.37	-1.61	6.05	1.54	0.04471	97.36	8.82	44.19	20.0	30.47	94.42	Silver
06-WaermeleitungStrahlung	Variante 2 konv. Wärmeleitung Innen Dach	TAS	TAS	9.5.0	Rainer Strobel, PGMM	0	-7.32	8.05	-0.0	3.14	0.04	0.11	1.42	0.2	-99	-99	-99	2.42	-10.59	-2.72	77.74	Failed
06-WaermeleitungStrahlung	Variante 2 konv. Wärmeleitung Innen Boden	TAS	TAS	9.5.0	Rainer Strobel, PGMM	0	15.52	5.28	-0.23	8.75	0.12	-10.11	6.48	0.35	0.07899	96.78	1.73	5.15	-0.0	2.03	95.56	Gold
06-WaermeleitungStrahlung	Variante 2 konv. Wärmeleitung Innen Nordwand	TAS	TAS	9.5.0	Rainer Strobel, PGMM	0	19.69	4.76	0.07	8.07	0.16	3.2	5.21	0.4	-99	-99	-99	5.64	-1.73	2.12	74.35	Failed
06-WaermeleitungStrahlung	Variante 2 konv. Wärmeleitung Innen Ostwand	TAS	TAS	9.5.0	Rainer Strobel, PGMM	0	140.07	0.8	0.07	5.62	0.06	37.19	1.43	0.25	-99	-99	-99	6.31	-11.15	0.24	70.8	Failed
06-WaermeleitungStrahlung	Variante 2 konv. Wärmeleitung Innen Südwand	TAS	TAS	9.5.0	Rainer Strobel, PGMM	0	43.28	5.28	-0.15	13.51	0.08	-23.18	2.5	0.28	-99	-99	-99	5.43	-5.2	0.5	76.44	Failed
06-WaermeleitungStrahlung	Variante 2 konv. Wärmeleitung Innen Westwand	TAS	TAS	9.5.0	Rainer Strobel, PGMM	0	-28.23	0.44	0.12	7.76	0.07	-12.87	1.52	0.27	-99	-99	-99	5.93	-11.55	-0.83	78.08	Failed
06-WaermeleitungStrahlung	Variante 1 Raumlufttemperatur	THERAKLES	NANDRAD v2	2.0	Dirk Weiß, IBK TU Dresden	0	0.03	0.29	0.0	0.28	0.0	0.0	0.06	0.01	0.00027	100.0	3.44	34.07	20.0	30.57	99.83	Gold
06-WaermeleitungStrahlung	Variante 1 abs. Strahlung Dach	THERAKLES	NANDRAD v2	2.0	Dirk Weiß, IBK TU Dresden	0	2.85	0.07	-0.71	1.35	18.39	-0.47	1.03	4.29	0.04999	99.93	164.1	418.06	0.0	149.77	99.22	Gold
06-WaermeleitungStrahlung	Variante 1 abs. Strahlung Boden	THERAKLES	NANDRAD v2	2.0	Dirk Weiß, IBK TU Dresden	0	2.85	0.06	-0.14	1.35	0.74	-0.47	1.03	0.86	0.03058	99.93	32.82	83.61	0.0	29.95	99.22	Gold
06-WaermeleitungStrahlung	Variante 1 abs. Strahlung Nordwand	THERAKLES	NANDRAD v2	2.0	Dirk Weiß, IBK TU Dresden	0	6.56	1.06	0.37	5.76	5.31	1.06	1.1	2.3	0.03685	99.78	50.11	212.97	0.0	35.47	96.67	Gold
06-WaermeleitungStrahlung	Variante 1 abs. Strahlung Ostwand	THERAKLES	NANDRAD v2	2.0	Dirk Weiß, IBK TU Dresden	0	8.65	0.29	-1.99	12.33	48.42	-2.48	1.59	6.96	0.05866	99.74	135.66	436.67	0.0	78.43	93.94	Silver
06-WaermeleitungStrahlung	Variante 1 abs. Strahlung Südwand	THERAKLES	NANDRAD v2	2.0	Dirk Weiß, IBK TU Dresden	0	7.39	0.15	-0.59	3.69	25.99	-0.86	1.81	5.1	0.0653	99.73	99.09	281.56	0.0	68.42	97.96	Gold
06-WaermeleitungStrahlung	Variante 1 abs. Strahlung Westwand	THERAKLES	NANDRAD v2	2.0	Dirk Weiß, IBK TU Dresden	0	4.37	0.1	1.22	2.45	22.16	1.14	1.03	4.71	0.03897	99.91	162.71	457.22	0.0	108.87	98.4	Gold
06-WaermeleitungStrahlung	Variante 1 Oberflächen-Temp. Dach	THERAKLES	NANDRAD v2	2.0	Dirk Weiß, IBK TU Dresden	0	0.05	0.3	0.0	0.26	0.0	0.0	0.08	0.02	0.00046	100.0	5.48	41.7	20.0	35.32	99.84	Gold
06-WaermeleitungStrahlung	Variante 1 Oberflächen-Temp. Boden	THERAKLES	NANDRAD v2	2.0	Dirk Weiß, IBK TU Dresden	0	0.02	0.16	0.0	0.25	0.0	0.0	0.05	0.0	0.00016	100.0	2.06	28.48	20.0	26.62	99.86	Gold
06-WaermeleitungStrahlung	Variante 1 Oberflächen-Temp. Nordwand	THERAKLES	NANDRAD v2	2.0	Dirk Weiß, IBK TU Dresden	0	0.02	0.23	0.0	0.62	0.0	0.0	0.07	0.01	0.00021	100.0	2.16	29.22	20.0	26.98	99.66	Gold
06-WaermeleitungStrahlung	Variante 1 Oberflächen-Temp. Ostwand	THERAKLES	NANDRAD v2	2.0	Dirk Weiß, IBK TU Dresden	0	0.04	0.25	0.0	0.3	0.0	0.0	0.09	0.01	0.00041	100.0	3.54	34.35	20.0	30.26	99.82	Gold
06-WaermeleitungStrahlung	Variante 1 Oberflächen-Temp. Südwand	THERAKLES	NANDRAD v2	2.0	Dirk Weiß, IBK TU Dresden	0	0.04	0.3	0.0	0.28	0.0	0.0	0.08	0.01	0.00034	100.0	3.27	33.29	20.0	29.43	99.83	Gold
06-WaermeleitungStrahlung	Variante 1 Oberflächen-Temp. Westwand	THERAKLES	NANDRAD v2	2.0	Dirk Weiß, IBK TU Dresden	0	0.06	0.34	0.0	0.35	0.0	0.0	0.1	0.02	0.00052	100.0	4.55	38.38	20.0	32.22	99.79	Gold
06-WaermeleitungStrahlung	Variante 1 konv. Wärmeleitung Innen Dach	THERAKLES	NANDRAD v2	2.0	Dirk Weiß, IBK TU Dresden	0	-1.33	0.34	0.0	1.86	0.03	-0.04	0.77	0.16	-99	-99	-99	0.0	-20.53	-11.88	79.03	Failed
06-WaermeleitungStrahlung	Variante 1 konv. Wärmeleitung Innen Boden	THERAKLES	NANDRAD v2	2.0	Dirk Weiß, IBK TU Dresden	0	0.98	0.61	-0.02	2.49	0.01	-0.22	0.69	0.1	0.0104	99.92	3.54	14.16	0.0	9.84	98.63	Gold
06-WaermeleitungStrahlung	Variante 1 konv. Wärmeleitung Innen Nordwand	THERAKLES	NANDRAD v2	2.0	Dirk Weiß, IBK TU Dresden	0	1.2	0.34	-0.01	1.97	0.01	-0.08	0.73	0.11	0.01259	99.92	3.82	14.66	-0.0	8.95	98.88	Gold
06-WaermeleitungStrahlung	Variante 1 konv. Wärmeleitung Innen Ostwand	THERAKLES	NANDRAD v2	2.0	Dirk Weiß, IBK TU Dresden	0	19.89	0.19	-0.02	1.91	0.02	-2.57	0.98	0.15	-99	-99	-99	6.06	-9.61	0.75	79.4	Failed
06-WaermeleitungStrahlung	Variante 1 konv. Wärmeleitung Innen Südwand	THERAKLES	NANDRAD v2	2.0	Dirk Weiß, IBK TU Dresden	0	2.64	0.64	-0.02	2.25	0.01	-0.75	0.96	0.07	-99	-99	-99	5.33	-2.53	2.81	78.9	Failed
06-WaermeleitungStrahlung	Variante 1 konv. Wärmeleitung Innen Westwand	THERAKLES	NANDRAD v2	2.0	Dirk Weiß, IBK TU Dresden	0	-3.48	0.3	0.04	1.58	0.02	-1.02	0.74	0.14	-99	-99	-99	7.91	-11.6	-4.1	79.34	Failed
06-WaermeleitungStrahlung	Variante 2 Raumlufttemperatur	THERAKLES	NANDRAD v2	2.0	Dirk Weiß, IBK TU Dresden	0	0.03	0.03	-0.0	0.05	0.0	-0.0	0.05	0.01	0.00033	100.0	8.58	41.08	20.0	30.59	99.96	Gold
06-WaermeleitungStrahlung	Variante 2 abs. Strahlung Dach	THERAKLES	NANDRAD v2	2.0	Dirk Weiß, IBK TU Dresden	0	2.05	0.07	-0.54	0.97	9.48	-0.36	0.74	3.08	0.03469	99.96	164.14	418.06	0.0	149.95	99.44	Gold
06-WaermeleitungStrahlung	Variante 2 abs. Strahlung Boden	THERAKLES	NANDRAD v2	2.0	Dirk Weiß, IBK TU Dresden	0	2.05	0.06	-0.11	0.97	0.38	-0.36	0.74	0.62	0.02201	99.96	32.83	83.61	0.0	29.99	99.44	Gold
06-WaermeleitungStrahlung	Variante 2 abs. Strahlung Nordwand	THERAKLES	NANDRAD v2	2.0	Dirk Weiß, IBK TU Dresden	0	4.76	0.94	0.31	4.18	2.8	0.88	0.8	1.67	0.02441	99.88	49.82	212.81	0.0	35.42	97.56	Gold
06-WaermeleitungStrahlung	Variante 2 abs. Strahlung Ostwand	THERAKLES	NANDRAD v2	2.0	Dirk Weiß, IBK TU Dresden	0	6.52	0.19	-1.51	9.29	27.53	-1.88	1.2	5.25	0.04784	99.85	135.99	437.22	0.0	78.91	95.44	Gold
06-WaermeleitungStrahlung	Variante 2 abs. Strahlung Südwand	THERAKLES	NANDRAD v2	2.0	Dirk Weiß, IBK TU Dresden	0	5.34	0.13	-0.43	2.67	13.56	-0.63	1.31	3.68	0.04993	99.86	99.08	281.82	0.0	68.58	98.53	Gold
06-WaermeleitungStrahlung	Variante 2 abs. Strahlung Westwand	THERAKLES	NANDRAD v2	2.0	Dirk Weiß, IBK TU Dresden	0	3.01	0.08	0.89	1.69	10.53	0.82	0.71	3.24	0.02499	99.96	162.28	457.15	0.0	108.54	98.89	Gold
06-WaermeleitungStrahlung	Variante 2 Oberflächen-Temp. Dach	THERAKLES	NANDRAD v2	2.0	Dirk Weiß, IBK TU Dresden	0	0.03	0.08	-0.0	0.05	0.0	-0.0	0.04	0.01	0.00034	100.0	9.73	43.68	20.0	31.68	99.96	Gold
06-WaermeleitungStrahlung	Variante 2 Oberflächen-Temp. Boden	THERAKLES	NANDRAD v2	2.0	Dirk Weiß, IBK TU Dresden	0	0.04	0.08	-0.0	0.06	0.0	-0.0	0.06	0.01	0.00038	100.0	7.86	39.19	20.0	29.69	99.95	Gold
06-WaermeleitungStrahlung	Variante 2 Oberflächen-Temp. Nordwand	THERAKLES	NANDRAD v2	2.0	Dirk Weiß, IBK TU Dresden	0	0.04	0.2	-0.0	0.07	0.0	-0.0	0.05	0.01	0.00036	100.0	7.89	40.39	20.0	29.77	99.94	Gold
06-WaermeleitungStrahlung	Variante 2 Oberflächen-Temp. Ostwand	THERAKLES	NANDRAD v2	2.0	Dirk Weiß, IBK TU Dresden	0	0.04	0.03	-0.0	0.06	0.0	-0.0	0.05	0.01	0.0004	100.0	8.2	40.82	20.0	30.52	99.96	Gold
06-WaermeleitungStrahlung	Variante 2 Oberflächen-Temp. Südwand	THERAKLES	NANDRAD v2	2.0	Dirk Weiß, IBK TU Dresden	0	0.04	0.14	-0.0	0.06	0.0	-0.0	0.06	0.01	0.00041	100.0	8.59	41.29	20.0	30.33	99.95	Gold
06-WaermeleitungStrahlung	Variante 2 Oberflächen-Temp. Westwand	THERAKLES	NANDRAD v2	2.0	Dirk Weiß, IBK TU Dresden	0	0.04	0.08	-0.0	0.07	0.0	-0.0	0.05	0.01	0.00041	100.0	9.49	45.47	20.0	30.97	99.95	Gold
06-WaermeleitungStrahlung	Variante 2 konv. Wärmeleitung Innen Dach	THERAKLES	NANDRAD v2	2.0	Dirk Weiß, IBK TU Dresden	0	-4.89	0.29	0.01	2.1	0.02	-0.24	0.95	0.13	-99	-99	-99	3.01	-11.03	-2.71	78.91	Failed
06-WaermeleitungStrahlung	Variante 2 konv. Wärmeleitung Innen Boden	THERAKLES	NANDRAD v2	2.0	Dirk Weiß, IBK TU Dresden	0	1.99	0.2	-0.0	1.12	0.0	-0.07	0.83	0.04	0.01378	99.95	1.96	5.41	0.0	2.26	99.29	Gold
06-WaermeleitungStrahlung	Variante 2 konv. Wärmeleitung Innen Nordwand	THERAKLES	NANDRAD v2	2.0	Dirk Weiß, IBK TU Dresden	0	3.85	0.3	-0.01	1.58	0.01	-0.64	1.02	0.08	-99	-99	-99	5.9	-1.85	2.04	79.23	Failed
06-WaermeleitungStrahlung	Variante 2 konv. Wärmeleitung Innen Ostwand	THERAKLES	NANDRAD v2	2.0	Dirk Weiß, IBK TU Dresden	0	104.78	0.72	0.05	4.21	0.03	28.91	1.07	0.19	-99	-99	-99	5.94	-11.55	0.23	72.95	Failed
06-WaermeleitungStrahlung	Variante 2 konv. Wärmeleitung Innen Südwand	THERAKLES	NANDRAD v2	2.0	Dirk Weiß, IBK TU Dresden	0	25.09	0.31	-0.0	7.83	0.03	-0.22	1.45	0.16	-99	-99	-99	5.84	-5.41	0.65	75.96	Failed
06-WaermeleitungStrahlung	Variante 2 konv. Wärmeleitung Innen Westwand	THERAKLES	NANDRAD v2	2.0	Dirk Weiß, IBK TU Dresden	0	-15.88	0.38	-0.05	4.37	0.02	4.95	0.86	0.15	-99	-99	-99	5.48	-12.18	-1.0	76.92	Failed
06-WaermeleitungStrahlung	Variante 1 Raumlufttemperatur	TRNSYS	TRNSYS	18	Julian Agudelo, Hochschule München	0	0.08	1.13	0.02	0.83	0.0	0.07	0.18	0.03	0.00079	99.99	3.45	34.1	20.0	30.59	99.47	Gold
06-WaermeleitungStrahlung	Variante 1 abs. Strahlung Dach	TRNSYS	TRNSYS	18	Julian Agudelo, Hochschule München	0	3.94	0.02	0.57	1.86	35.13	0.38	1.42	5.93	0.57967	99.87	164.66	418.26	0.0	151.05	98.76	Gold
06-WaermeleitungStrahlung	Variante 1 abs. Strahlung Boden	TRNSYS	TRNSYS	18	Julian Agudelo, Hochschule München	0	3.94	0.02	0.11	1.86	1.41	0.38	1.42	1.19	0.28563	99.87	32.93	83.65	0.0	30.21	98.76	Gold
06-WaermeleitungStrahlung	Variante 1 abs. Strahlung Nordwand	TRNSYS	TRNSYS	18	Julian Agudelo, Hochschule München	0	26.67	14.05	-0.59	23.41	87.62	-1.69	4.46	9.36	0.89846	96.32	53.75	237.71	0.0	34.51	86.53	Bronze
06-WaermeleitungStrahlung	Variante 1 abs. Strahlung Ostwand	TRNSYS	TRNSYS	18	Julian Agudelo, Hochschule München	0	19.34	4.64	0.02	27.55	241.98	0.02	3.55	15.56	0.78595	98.71	143.01	458.36	0.0	80.44	85.19	Bronze
06-WaermeleitungStrahlung	Variante 1 abs. Strahlung Südwand	TRNSYS	TRNSYS	18	Julian Agudelo, Hochschule München	0	0.88	0.07	0.09	0.44	0.37	0.13	0.22	0.6	0.19082	100.0	98.91	281.36	0.0	69.11	99.72	Gold
06-WaermeleitungStrahlung	Variante 1 abs. Strahlung Westwand	TRNSYS	TRNSYS	18	Julian Agudelo, Hochschule München	0	12.53	0.04	0.44	7.02	182.04	0.41	2.95	13.49	0.75779	99.3	165.65	457.16	0.0	108.09	95.86	Gold
06-WaermeleitungStrahlung	Variante 1 Oberflächen-Temp. Dach	TRNSYS	TRNSYS	18	Julian Agudelo, Hochschule München	0	0.15	0.13	0.05	0.81	0.0	0.14	0.25	0.05	0.00145	99.99	5.49	41.73	20.0	35.37	99.52	Gold
06-WaermeleitungStrahlung	Variante 1 Oberflächen-Temp. Boden	TRNSYS	TRNSYS	18	Julian Agudelo, Hochschule München	0	0.07	0.17	0.02	1.07	0.0	0.07	0.22	0.02	0.00065	99.99	2.07	28.49	20.0	26.64	99.4	Gold
06-WaermeleitungStrahlung	Variante 1 Oberflächen-Temp. Nordwand	TRNSYS	TRNSYS	18	Julian Agudelo, Hochschule München	0	0.16	1.7	-0.03	4.21	0.0	-0.12	0.46	0.04	0.00149	99.96	2.15	29.17	20.0	26.95	97.72	Gold
06-WaermeleitungStrahlung	Variante 1 Oberflächen-Temp. Ostwand	TRNSYS	TRNSYS	18	Julian Agudelo, Hochschule München	0	0.08	0.69	0.01	0.61	0.0	0.03	0.18	0.03	0.00083	99.99	3.54	34.36	20.0	30.27	99.61	Gold
06-WaermeleitungStrahlung	Variante 1 Oberflächen-Temp. Südwand	TRNSYS	TRNSYS	18	Julian Agudelo, Hochschule München	0	0.06	0.21	0.02	0.46	0.0	0.05	0.13	0.02	0.00056	100.0	3.27	33.3	20.0	29.45	99.73	Gold
06-WaermeleitungStrahlung	Variante 1 Oberflächen-Temp. Westwand	TRNSYS	TRNSYS	18	Julian Agudelo, Hochschule München	0	0.16	0.77	0.04	0.98	0.0	0.13	0.28	0.05	0.00143	99.99	4.56	38.48	20.0	32.26	99.39	Gold
06-WaermeleitungStrahlung	Variante 1 konv. Wärmeleitung Innen Dach	TRNSYS	TRNSYS	18	Julian Agudelo, Hochschule München	0	-0.68	0.49	-0.07	0.96	0.01	0.6	0.4	0.08	-99	-99	-99	-0.0	-20.55	-11.96	79.42	Failed
06-WaermeleitungStrahlung	Variante 1 konv. Wärmeleitung Innen Boden	TRNSYS	TRNSYS	18	Julian Agudelo, Hochschule München	0	0.28	1.62	0.01	0.71	0.0	0.11	0.2	0.03	0.00305	99.99	3.55	14.21	-0.0	9.88	99.48	Gold
06-WaermeleitungStrahlung	Variante 1 konv. Wärmeleitung Innen Nordwand	TRNSYS	TRNSYS	18	Julian Agudelo, Hochschule München	0	1.67	0.91	0.14	2.73	0.02	1.54	1.02	0.15	0.01595	99.85	3.83	14.73	-0.0	9.1	98.13	Gold
06-WaermeleitungStrahlung	Variante 1 konv. Wärmeleitung Innen Ostwand	TRNSYS	TRNSYS	18	Julian Agudelo, Hochschule München	0	6.48	0.09	0.03	0.62	0.0	3.63	0.32	0.05	-99	-99	-99	6.09	-9.56	0.8	79.13	Failed
06-WaermeleitungStrahlung	Variante 1 konv. Wärmeleitung Innen Südwand	TRNSYS	TRNSYS	18	Julian Agudelo, Hochschule München	0	1.02	0.61	0.01	0.87	0.0	0.53	0.37	0.03	-99	-99	-99	5.31	-2.51	2.85	79.47	Failed
06-WaermeleitungStrahlung	Variante 1 konv. Wärmeleitung Innen Westwand	TRNSYS	TRNSYS	18	Julian Agudelo, Hochschule München	0	-1.61	0.45	-0.05	0.73	0.0	1.18	0.34	0.07	-99	-99	-99	7.88	-11.77	-4.19	79.45	Failed
06-WaermeleitungStrahlung	Variante 2 Raumlufttemperatur	TRNSYS	TRNSYS	18	Julian Agudelo, Hochschule München	0	0.73	0.42	0.04	1.19	0.05	0.12	1.06	0.22	0.0061	99.93	8.64	41.07	20.0	30.62	99.17	Gold
06-WaermeleitungStrahlung	Variante 2 abs. Strahlung Dach	TRNSYS	TRNSYS	18	Julian Agudelo, Hochschule München	0	3.94	0.02	0.57	1.86	35.14	0.38	1.42	5.93	0.57969	99.87	164.66	418.26	0.0	151.05	98.76	Gold
06-WaermeleitungStrahlung	Variante 2 abs. Strahlung Boden	TRNSYS	TRNSYS	18	Julian Agudelo, Hochschule München	0	3.94	0.02	0.11	1.86	1.41	0.38	1.42	1.19	0.28565	99.87	32.93	83.65	0.0	30.21	98.76	Gold
06-WaermeleitungStrahlung	Variante 2 abs. Strahlung Nordwand	TRNSYS	TRNSYS	18	Julian Agudelo, Hochschule München	0	26.71	14.05	-0.6	23.45	87.95	-1.7	4.47	9.38	0.89895	96.31	53.75	237.71	0.0	34.51	86.51	Bronze
06-WaermeleitungStrahlung	Variante 2 abs. Strahlung Ostwand	TRNSYS	TRNSYS	18	Julian Agudelo, Hochschule München	0	19.35	4.64	0.02	27.56	242.07	0.02	3.55	15.56	0.786	98.71	143.01	458.36	0.0	80.44	85.19	Bronze
06-WaermeleitungStrahlung	Variante 2 abs. Strahlung Südwand	TRNSYS	TRNSYS	18	Julian Agudelo, Hochschule München	0	0.88	0.07	0.09	0.44	0.37	0.13	0.22	0.6	0.19085	100.0	98.91	281.36	0.0	69.11	99.72	Gold
06-WaermeleitungStrahlung	Variante 2 abs. Strahlung Westwand	TRNSYS	TRNSYS	18	Julian Agudelo, Hochschule München	0	12.55	0.04	0.44	7.03	182.52	0.41	2.96	13.51	0.75832	99.3	165.65	457.16	0.0	108.09	95.85	Gold
06-WaermeleitungStrahlung	Variante 2 Oberflächen-Temp. Dach	TRNSYS	TRNSYS	18	Julian Agudelo, Hochschule München	0	0.59	0.44	0.04	0.84	0.04	0.14	0.79	0.19	0.00513	99.96	9.76	43.67	20.0	31.72	99.39	Gold
06-WaermeleitungStrahlung	Variante 2 Oberflächen-Temp. Boden	TRNSYS	TRNSYS	18	Julian Agudelo, Hochschule München	0	0.56	0.42	0.03	0.97	0.03	0.1	0.87	0.17	0.00494	99.95	7.9	39.18	20.0	29.71	99.32	Gold
06-WaermeleitungStrahlung	Variante 2 Oberflächen-Temp. Nordwand	TRNSYS	TRNSYS	18	Julian Agudelo, Hochschule München	0	1.09	7.54	0.14	1.93	0.11	0.48	1.6	0.33	0.00881	99.83	7.97	41.83	20.0	29.91	98.17	Gold
06-WaermeleitungStrahlung	Variante 2 Oberflächen-Temp. Ostwand	TRNSYS	TRNSYS	18	Julian Agudelo, Hochschule München	0	0.73	1.0	-0.06	1.25	0.05	-0.19	1.07	0.22	0.00798	99.93	8.27	40.81	19.8	30.46	99.15	Gold
06-WaermeleitungStrahlung	Variante 2 Oberflächen-Temp. Südwand	TRNSYS	TRNSYS	18	Julian Agudelo, Hochschule München	0	0.78	0.46	0.15	1.24	0.06	0.51	1.11	0.24	0.00736	99.92	8.62	41.45	20.0	30.48	99.07	Gold
06-WaermeleitungStrahlung	Variante 2 Oberflächen-Temp. Westwand	TRNSYS	TRNSYS	18	Julian Agudelo, Hochschule München	0	1.24	0.44	-0.05	2.08	0.15	-0.15	1.51	0.38	0.00994	99.84	9.59	45.44	19.82	30.92	98.69	Gold
06-WaermeleitungStrahlung	Variante 2 konv. Wärmeleitung Innen Dach	TRNSYS	TRNSYS	18	Julian Agudelo, Hochschule München	0	-2.46	0.39	-0.02	1.06	0.0	0.6	0.48	0.07	-99	-99	-99	3.03	-11.0	-2.73	79.36	Failed
06-WaermeleitungStrahlung	Variante 2 konv. Wärmeleitung Innen Boden	TRNSYS	TRNSYS	18	Julian Agudelo, Hochschule München	0	4.97	4.64	0.0	2.8	0.01	0.1	2.08	0.11	0.04616	99.67	2.0	5.63	-0.0	2.26	97.89	Gold
06-WaermeleitungStrahlung	Variante 2 konv. Wärmeleitung Innen Nordwand	TRNSYS	TRNSYS	18	Julian Agudelo, Hochschule München	0	7.81	5.46	0.03	3.2	0.03	1.55	2.07	0.16	-99	-99	-99	5.89	-1.47	2.08	77.53	Failed
06-WaermeleitungStrahlung	Variante 2 konv. Wärmeleitung Innen Ostwand	TRNSYS	TRNSYS	18	Julian Agudelo, Hochschule München	0	161.86	7.06	0.01	6.5	0.08	3.6	1.65	0.29	-99	-99	-99	6.11	-12.43	0.18	75.5	Failed
06-WaermeleitungStrahlung	Variante 2 konv. Wärmeleitung Innen Südwand	TRNSYS	TRNSYS	18	Julian Agudelo, Hochschule München	0	19.05	2.45	0.0	5.95	0.02	0.53	1.1	0.12	-99	-99	-99	6.09	-5.39	0.65	76.69	Failed
06-WaermeleitungStrahlung	Variante 2 konv. Wärmeleitung Innen Westwand	TRNSYS	TRNSYS	18	Julian Agudelo, Hochschule München	0	-26.35	5.96	-0.01	7.25	0.06	1.16	1.42	0.25	-99	-99	-99	5.5	-13.05	-0.96	75.65	Failed
07-Fenster	Variante 7.1 Raumlufttemperatur	Aixlib	AixLib	0.7.3	Amin Nouri, RWTH Aachen	0	0.49	18.71	-0.0	38.39	0.01	-0.0	22.88	0.12	0.00472	52.34	0.21	24.51	23.88	24.17	70.98	Failed
07-Fenster	Variante 7.1 Wärmeleitung Fenster	Aixlib	AixLib	0.7.3	Amin Nouri, RWTH Aachen	0	-15819.38	101.69	0.03	47.12	25.07	-100.0	46.66	5.01	-99	-99	-99	0.0	0.0	0.0	0	Failed
07-Fenster	Variante 7.2 Raumlufttemperatur	Aixlib	AixLib	0.7.3	Amin Nouri, RWTH Aachen	0	101.09	103.42	-30.62	594.1	958.05	-100.0	164.29	30.95	3.44594	-4565.39	0.0	0.0	0.0	0.0	0	Failed
07-Fenster	Variante 7.2 Trans.Strahlung Fenster	Aixlib	AixLib	0.7.3	Amin Nouri, RWTH Aachen	0	169.05	103.52	-73.76	89.08	15548.13	-100.0	44.31	124.69	3.3773	-53.83	0.0	0.0	0.0	0.0	0	Failed
07-Fenster	Variante 7.2 Wärmeleitung Fenster	Aixlib	AixLib	0.7.3	Amin Nouri, RWTH Aachen	0	-108.69	103.42	11.64	218.06	159.96	-100.0	61.55	12.65	-99	-99	-99	0.0	0.0	0.0	0	Failed
07-Fenster	Variante 7.3 Raumlufttemperatur	Aixlib	AixLib	0.7.3	Amin Nouri, RWTH Aachen	0	100.8	103.45	-28.34	707.04	815.93	-100.0	188.05	28.56	3.37338	-6257.26	0.0	0.0	0.0	0.0	0	Failed
07-Fenster	Variante 7.3 Trans.Strahlung Fenster	Aixlib	AixLib	0.7.3	Amin Nouri, RWTH Aachen	0	174.85	103.52	-57.74	119.71	10192.79	-100.0	40.85	100.96	3.19587	-48.61	0.0	0.0	0.0	0.0	0	Failed
07-Fenster	Variante 7.3 Wärmeleitung Fenster	Aixlib	AixLib	0.7.3	Amin Nouri, RWTH Aachen	0	-108.7	103.46	9.02	221.33	96.14	-100.0	59.32	9.81	-99	-99	-99	0.0	0.0	0.0	0	Failed
07-Fenster	Variante 7.1 Raumlufttemperatur	ETU	ETU Simulation	4.1	Dr. Rainer Rolffs, ETU Hottgenroth	0	0.69	57.21	0.0	53.69	0.03	0.0	32.01	0.17	0.00661	6.76	0.07	24.28	24.05	24.17	54.68	Failed
07-Fenster	Variante 7.1 Wärmeleitung Fenster	ETU	ETU Simulation	4.1	Dr. Rainer Rolffs, ETU Hottgenroth	0	-15819.38	101.69	0.03	47.12	25.07	-100.0	46.66	5.01	-99	-99	-99	0.0	0.0	0.0	0	Failed
07-Fenster	Variante 7.2 Raumlufttemperatur	ETU	ETU Simulation	4.1	Dr. Rainer Rolffs, ETU Hottgenroth	0	6.5	75.45	-1.09	38.22	3.96	-3.55	10.57	1.99	0.06089	80.69	3.92	34.33	20.0	29.53	72.76	Failed
07-Fenster	Variante 7.2 Trans.Strahlung Fenster	ETU	ETU Simulation	4.1	Dr. Rainer Rolffs, ETU Hottgenroth	0	23.29	0.31	-0.1	12.27	295.15	-0.14	6.1	17.18	0.51408	97.08	99.41	281.15	0.0	73.66	92.56	Silver
07-Fenster	Variante 7.2 Wärmeleitung Fenster	ETU	ETU Simulation	4.1	Dr. Rainer Rolffs, ETU Hottgenroth	0	-108.69	103.42	11.64	218.06	159.96	-100.0	61.55	12.65	-99	-99	-99	0.0	0.0	0.0	0	Failed
07-Fenster	Variante 7.3 Raumlufttemperatur	ETU	ETU Simulation	4.1	Dr. Rainer Rolffs, ETU Hottgenroth	0	7.51	78.29	-1.56	52.65	4.53	-5.5	14.0	2.13	0.06993	64.74	2.78	30.28	20.0	26.78	63.51	Failed
07-Fenster	Variante 7.3 Trans.Strahlung Fenster	ETU	ETU Simulation	4.1	Dr. Rainer Rolffs, ETU Hottgenroth	0	30.45	6.88	-5.4	20.85	309.14	-9.35	7.11	17.58	0.5031	95.49	75.54	233.73	0.0	52.34	89.04	Bronze
07-Fenster	Variante 7.3 Wärmeleitung Fenster	ETU	ETU Simulation	4.1	Dr. Rainer Rolffs, ETU Hottgenroth	0	-108.7	103.46	9.02	221.33	96.14	-100.0	59.32	9.81	-99	-99	-99	0.0	0.0	0.0	0	Failed
07-Fenster	Variante 7.1 Raumlufttemperatur	IDAICE	IDA ICE	4.8.0.1	Caroline Seifert, INNIUS DÖ	0	100.0	101.33	-24.17	7795.44	583.99	-100.0	4647.28	24.17	3.22545	-1965687.63	0.0	0.0	0.0	0.0	0	Failed
07-Fenster	Variante 7.1 Wärmeleitung Fenster	IDAICE	IDA ICE	4.8.0.1	Caroline Seifert, INNIUS DÖ	0	-15819.38	101.69	0.03	47.12	25.07	-100.0	46.66	5.01	-99	-99	-99	0.0	0.0	0.0	0	Failed
07-Fenster	Variante 7.2 Raumlufttemperatur	IDAICE	IDA ICE	4.8.0.1	Caroline Seifert, INNIUS DÖ	0	101.09	103.42	-30.62	594.1	958.05	-100.0	164.29	30.95	3.44594	-4565.39	0.0	0.0	0.0	0.0	0	Failed
07-Fenster	Variante 7.2 Trans.Strahlung Fenster	IDAICE	IDA ICE	4.8.0.1	Caroline Seifert, INNIUS DÖ	0	169.05	103.52	-73.76	89.08	15548.13	-100.0	44.31	124.69	3.3773	-53.83	0.0	0.0	0.0	0.0	0	Failed
07-Fenster	Variante 7.2 Wärmeleitung Fenster	IDAICE	IDA ICE	4.8.0.1	Caroline Seifert, INNIUS DÖ	0	-108.69	103.42	11.64	218.06	159.96	-100.0	61.55	12.65	-99	-99	-99	0.0	0.0	0.0	0	Failed
07-Fenster	Variante 7.3 Raumlufttemperatur	IDAICE	IDA ICE	4.8.0.1	Caroline Seifert, INNIUS DÖ	0	8.02	56.37	1.51	56.24	5.16	5.32	14.96	2.27	0.07284	59.78	4.39	35.81	19.44	29.85	60.72	Failed
07-Fenster	Variante 7.3 Trans.Strahlung Fenster	IDAICE	IDA ICE	4.8.0.1	Caroline Seifert, INNIUS DÖ	0	92.6	40.44	20.87	63.4	2858.99	36.14	21.63	53.47	0.74775	58.32	115.32	345.0	-0.19	78.61	51.81	Failed
07-Fenster	Variante 7.3 Wärmeleitung Fenster	IDAICE	IDA ICE	4.8.0.1	Caroline Seifert, INNIUS DÖ	0	-1394.47	5753.27	-57.61	2839.48	15822.86	638.67	760.97	125.79	-99	-99	-99	14.04	-336.48	-66.63	-1956.46	Failed
07-Fenster	Variante 7.1 Raumlufttemperatur	NANDRAD	NANDRAD v1.8	1.8	Dirk Weiß, IBK TU Dresden	0	0.01	0.0	0.0	0.68	0.0	0.0	0.4	0.0	8e-05	99.99	0.17	24.45	23.93	24.17	99.59	Gold
07-Fenster	Variante 7.1 Wärmeleitung Fenster	NANDRAD	NANDRAD v1.8	1.8	Dirk Weiß, IBK TU Dresden	0	-8.48	0.01	-0.0	0.03	0.0	1.19	0.03	0.0	-99	-99	-99	6.25	-4.48	-0.03	79.88	Failed
07-Fenster	Variante 7.2 Raumlufttemperatur	NANDRAD	NANDRAD v1.8	1.8	Dirk Weiß, IBK TU Dresden	0	0.11	0.78	-0.02	0.67	0.0	-0.06	0.19	0.04	0.00112	99.99	4.52	38.81	20.0	30.6	99.59	Gold
07-Fenster	Variante 7.2 Trans.Strahlung Fenster	NANDRAD	NANDRAD v1.8	1.8	Dirk Weiß, IBK TU Dresden	0	0.87	0.09	-0.13	0.46	0.41	-0.17	0.23	0.64	0.19744	100.0	100.47	281.09	0.0	73.63	99.75	Gold
07-Fenster	Variante 7.2 Wärmeleitung Fenster	NANDRAD	NANDRAD v1.8	1.8	Dirk Weiß, IBK TU Dresden	0	-0.51	2.01	-0.02	1.02	0.0	0.13	0.29	0.06	-99	-99	-99	0.0	-20.67	-11.65	79.39	Failed
07-Fenster	Variante 7.3 Raumlufttemperatur	NANDRAD	NANDRAD v1.8	1.8	Dirk Weiß, IBK TU Dresden	0	0.42	1.63	-0.1	2.95	0.01	-0.37	0.78	0.12	0.0038	99.89	3.53	35.02	20.0	28.23	98.34	Gold
07-Fenster	Variante 7.3 Trans.Strahlung Fenster	NANDRAD	NANDRAD v1.8	1.8	Dirk Weiß, IBK TU Dresden	0	2.32	0.78	-0.6	1.59	1.79	-1.05	0.54	1.34	0.19754	99.97	81.94	247.11	0.0	57.14	99.24	Gold
07-Fenster	Variante 7.3 Wärmeleitung Fenster	NANDRAD	NANDRAD v1.8	1.8	Dirk Weiß, IBK TU Dresden	0	-2.71	2.37	-0.03	5.53	0.06	0.34	1.48	0.24	-99	-99	-99	0.0	-16.55	-9.05	76.87	Failed
07-Fenster	Variante 7.1 Raumlufttemperatur	NANDRAD_TEMP	NANDRAD v1.8.2	2.0	Dirk Weiß, IBK TU Dresden	0	0.01	0.0	0.0	0.68	0.0	0.0	0.4	0.0	8e-05	99.99	0.17	24.45	23.93	24.17	99.59	Gold
07-Fenster	Variante 7.1 Wärmeleitung Fenster	NANDRAD_TEMP	NANDRAD v1.8.2	2.0	Dirk Weiß, IBK TU Dresden	0	-8.48	0.01	-0.0	0.03	0.0	1.19	0.03	0.0	-99	-99	-99	6.25	-4.48	-0.03	79.88	Failed
07-Fenster	Variante 7.2 Raumlufttemperatur	NANDRAD_TEMP	NANDRAD v1.8.2	2.0	Dirk Weiß, IBK TU Dresden	0	25.64	96.63	-6.45	150.71	61.65	-21.08	41.68	7.85	0.26475	-200.22	0.17	24.45	23.93	24.17	-15.25	Failed
07-Fenster	Variante 7.2 Trans.Strahlung Fenster	NANDRAD_TEMP	NANDRAD v1.8.2	2.0	Dirk Weiß, IBK TU Dresden	0	0.87	0.09	-0.13	0.46	0.41	-0.17	0.23	0.64	0.19744	100.0	100.47	281.09	0.0	73.63	99.75	Gold
07-Fenster	Variante 7.2 Wärmeleitung Fenster	NANDRAD_TEMP	NANDRAD v1.8.2	2.0	Dirk Weiß, IBK TU Dresden	0	-0.51	2.01	-0.02	1.02	0.0	0.13	0.29	0.06	-99	-99	-99	0.0	-20.67	-11.65	79.39	Failed
07-Fenster	Variante 7.3 Raumlufttemperatur	NANDRAD_TEMP	NANDRAD v1.8.2	2.0	Dirk Weiß, IBK TU Dresden	0	0.42	1.63	-0.1	2.95	0.01	-0.37	0.78	0.12	0.0038	99.89	3.53	35.02	20.0	28.23	98.34	Gold
07-Fenster	Variante 7.3 Trans.Strahlung Fenster	NANDRAD_TEMP	NANDRAD v1.8.2	2.0	Dirk Weiß, IBK TU Dresden	0	2.32	0.78	-0.6	1.59	1.79	-1.05	0.54	1.34	0.19754	99.97	81.94	247.11	0.0	57.14	99.24	Gold
07-Fenster	Variante 7.3 Wärmeleitung Fenster	NANDRAD_TEMP	NANDRAD v1.8.2	2.0	Dirk Weiß, IBK TU Dresden	0	-2.71	2.37	-0.03	5.53	0.06	0.34	1.48	0.24	-99	-99	-99	0.0	-16.55	-9.05	76.87	Failed
07-Fenster	Variante 7.1 Raumlufttemperatur	THERAKLES	NANDRAD v2	2.0	Dirk Weiß, IBK TU Dresden	0	0.01	1.9	0.0	1.02	0.0	0.0	0.61	0.0	0.00013	99.97	0.17	24.45	23.93	24.17	99.26	Gold
07-Fenster	Variante 7.1 Wärmeleitung Fenster	THERAKLES	NANDRAD v2	2.0	Dirk Weiß, IBK TU Dresden	0	-4810.24	0.57	0.0	14.33	2.32	-0.14	14.19	1.52	-99	-99	-99	6.28	-4.51	-0.03	70.56	Failed
07-Fenster	Variante 7.2 Raumlufttemperatur	THERAKLES	NANDRAD v2	2.0	Dirk Weiß, IBK TU Dresden	0	0.11	0.87	-0.01	0.63	0.0	-0.05	0.17	0.03	0.00106	99.99	4.52	38.81	20.0	30.6	99.61	Gold
07-Fenster	Variante 7.2 Trans.Strahlung Fenster	THERAKLES	NANDRAD v2	2.0	Dirk Weiß, IBK TU Dresden	0	24.7	0.91	-0.1	13.02	332.06	-0.14	6.48	18.22	0.54283	96.71	101.07	284.29	0.0	73.66	92.04	Silver
07-Fenster	Variante 7.2 Wärmeleitung Fenster	THERAKLES	NANDRAD v2	2.0	Dirk Weiß, IBK TU Dresden	0	-3.65	2.1	-0.03	7.33	0.18	0.25	2.07	0.42	-99	-99	-99	0.0	-20.69	-11.67	75.91	Failed
07-Fenster	Variante 7.3 Raumlufttemperatur	THERAKLES	NANDRAD v2	2.0	Dirk Weiß, IBK TU Dresden	0	0.42	1.69	-0.1	2.92	0.01	-0.36	0.78	0.12	0.00377	99.89	3.53	35.02	20.0	28.24	98.35	Gold
07-Fenster	Variante 7.3 Trans.Strahlung Fenster	THERAKLES	NANDRAD v2	2.0	Dirk Weiß, IBK TU Dresden	0	27.3	0.91	-0.65	18.69	248.5	-1.12	6.38	15.76	0.51736	96.38	82.38	251.06	0.0	57.09	89.36	Bronze
07-Fenster	Variante 7.3 Wärmeleitung Fenster	THERAKLES	NANDRAD v2	2.0	Dirk Weiß, IBK TU Dresden	0	-4.96	1.67	-0.04	10.09	0.2	0.43	2.7	0.45	-99	-99	-99	0.0	-16.52	-9.06	74.42	Failed
07-Fenster	Variante 7.1 Raumlufttemperatur	TRNSYS	TRNSYS	18	Julian Agudelo, Hochschule München	0	0.0	0.0	0.0	0.0	0.0	0.0	0.0	0.0	0.0	100.0	0.17	24.45	23.93	24.17	100.0	Gold
07-Fenster	Variante 7.1 Wärmeleitung Fenster	TRNSYS	TRNSYS	18	Julian Agudelo, Hochschule München	0	-0.0	0.0	0.0	0.0	0.0	-0.0	0.0	0.0	-99	-99	-99	6.25	-4.48	-0.03	80.1	Bronze
07-Fenster	Variante 7.2 Raumlufttemperatur	TRNSYS	TRNSYS	18	Julian Agudelo, Hochschule München	0	0.0	0.0	0.0	0.0	0.0	0.0	0.0	0.0	0.0	100.0	4.53	38.84	20.0	30.62	100.0	Gold
07-Fenster	Variante 7.2 Trans.Strahlung Fenster	TRNSYS	TRNSYS	18	Julian Agudelo, Hochschule München	0	0.0	0.0	0.0	0.0	0.0	0.0	0.0	0.0	0.0	100.0	100.54	281.42	0.0	73.76	100.0	Gold
07-Fenster	Variante 7.2 Wärmeleitung Fenster	TRNSYS	TRNSYS	18	Julian Agudelo, Hochschule München	0	-0.0	0.0	0.0	0.0	0.0	-0.0	0.0	0.0	-99	-99	-99	0.0	-20.55	-11.64	80.1	Bronze
07-Fenster	Variante 7.3 Raumlufttemperatur	TRNSYS	TRNSYS	18	Julian Agudelo, Hochschule München	0	0.0	0.0	0.0	0.0	0.0	0.0	0.0	0.0	0.0	100.0	3.58	35.19	20.0	28.34	100.0	Gold
07-Fenster	Variante 7.3 Trans.Strahlung Fenster	TRNSYS	TRNSYS	18	Julian Agudelo, Hochschule München	0	0.0	0.0	0.0	0.0	0.0	0.0	0.0	0.0	0.0	100.0	82.82	247.15	0.0	57.74	100.0	Gold
07-Fenster	Variante 7.3 Wärmeleitung Fenster	TRNSYS	TRNSYS	18	Julian Agudelo, Hochschule München	0	-0.0	0.0	0.0	0.0	0.0	-0.0	0.0	0.0	-99	-99	-99	0.0	-16.53	-9.02	80.1	Bronze
08-InterneLasten	Variante 8.1 Raumlufttemperatur	Aixlib	AixLib	0.7.3	Amin Nouri, RWTH Aachen	0	0.19	13.19	0.0	2.49	0.01	0.0	0.36	0.07	0.0031	99.97	4.07	40.81	20.0	38.27	97.81	Gold
08-InterneLasten	Variante 8.1 Oberflächentemperatur	Aixlib	AixLib	0.7.3	Amin Nouri, RWTH Aachen	0	0.12	15.06	-0.0	1.43	0.0	-0.0	0.23	0.04	0.00166	99.99	4.05	38.23	20.0	35.69	98.24	Gold
08-InterneLasten	Variante 8.2 Raumlufttemperatur	Aixlib	AixLib	0.7.3	Amin Nouri, RWTH Aachen	0	0.12	16.16	0.01	1.43	0.0	0.02	0.23	0.04	0.00171	99.99	4.05	38.23	20.0	35.7	98.16	Gold
08-InterneLasten	Variante 8.2 Oberflächentemperatur	Aixlib	AixLib	0.7.3	Amin Nouri, RWTH Aachen	0	0.12	16.1	0.01	1.45	0.0	0.02	0.24	0.04	0.00174	99.99	4.05	38.23	20.0	35.7	98.16	Gold
08-InterneLasten	Variante 8.3 Raumlufttemperatur	Aixlib	AixLib	0.7.3	Amin Nouri, RWTH Aachen	0	3.03	3.98	0.09	20.34	1.14	0.24	5.03	1.07	0.02931	93.95	4.42	41.5	20.0	35.27	88.08	Bronze
08-InterneLasten	Variante 8.3 Oberflächentemperatur	Aixlib	AixLib	0.7.3	Amin Nouri, RWTH Aachen	0	0.98	23.17	0.08	13.21	0.11	0.25	2.05	0.32	0.00967	99.1	3.43	36.16	20.0	33.13	91.38	Silver
08-InterneLasten	Variante 8.4.Raumlufttemperatur	Aixlib	AixLib	0.7.3	Amin Nouri, RWTH Aachen	0	0.99	20.91	0.06	13.35	0.11	0.19	2.06	0.33	0.00976	99.09	3.41	36.14	20.0	33.1	91.46	Silver
08-InterneLasten	Variante 8.4 Oberflächentemperatur	Aixlib	AixLib	0.7.3	Amin Nouri, RWTH Aachen	0	1.03	26.69	0.06	13.97	0.12	0.19	2.15	0.34	0.01018	99.01	3.41	36.18	20.0	33.1	90.75	Silver
08-InterneLasten	Variante 8.1 Raumlufttemperatur	ETU	ETU Simulation	4.1	Dr. Rainer Rolffs, ETU Hottgenroth	0	0.08	2.71	-0.0	1.09	0.0	-0.01	0.16	0.03	0.00148	99.99	4.11	40.8	20.0	38.26	99.25	Gold
08-InterneLasten	Variante 8.1 Oberflächentemperatur	ETU	ETU Simulation	4.1	Dr. Rainer Rolffs, ETU Hottgenroth	0	100.65	194.09	-35.69	1208.12	1290.58	-100.0	197.1	35.92	3.59738	-7636.62	0.0	0.0	0.0	0.0	0	Failed
08-InterneLasten	Variante 8.2 Raumlufttemperatur	ETU	ETU Simulation	4.1	Dr. Rainer Rolffs, ETU Hottgenroth	0	0.02	2.79	-0.0	0.26	0.0	-0.01	0.04	0.01	0.0003	100.0	4.08	38.22	20.0	35.69	99.68	Gold
08-InterneLasten	Variante 8.2 Oberflächentemperatur	ETU	ETU Simulation	4.1	Dr. Rainer Rolffs, ETU Hottgenroth	0	100.65	194.15	-35.69	1208.38	1290.62	-100.0	197.1	35.93	3.5974	-7640.09	0.0	0.0	0.0	0.0	0	Failed
08-InterneLasten	Variante 8.3 Raumlufttemperatur	ETU	ETU Simulation	4.1	Dr. Rainer Rolffs, ETU Hottgenroth	0	1.65	1.4	-0.0	11.1	0.34	-0.01	2.74	0.58	0.01605	98.2	4.3	41.14	20.0	35.18	93.72	Silver
08-InterneLasten	Variante 8.3 Oberflächentemperatur	ETU	ETU Simulation	4.1	Dr. Rainer Rolffs, ETU Hottgenroth	0	100.53	100.89	-33.04	1353.86	1103.64	-100.0	209.68	33.22	3.52357	-9337.15	0.0	0.0	0.0	0.0	0	Failed
08-InterneLasten	Variante 8.4.Raumlufttemperatur	ETU	ETU Simulation	4.1	Dr. Rainer Rolffs, ETU Hottgenroth	0	0.38	7.7	-0.0	5.15	0.02	-0.0	0.8	0.13	0.00376	99.86	3.42	35.78	20.0	33.04	96.76	Gold
08-InterneLasten	Variante 8.4 Oberflächentemperatur	ETU	ETU Simulation	4.1	Dr. Rainer Rolffs, ETU Hottgenroth	0	100.53	100.9	-33.04	1363.08	1103.46	-100.0	209.84	33.22	3.52351	-9346.9	0.0	0.0	0.0	0.0	0	Failed
08-InterneLasten	Variante 8.1 Raumlufttemperatur	IDAICE	IDA ICE	4.8.0.1	Caroline Seifert, INNIUS DÖ	0	0.5	2.22	-0.17	6.39	0.04	-0.45	0.91	0.19	0.00462	99.79	4.03	40.57	20.0	38.09	96.56	Gold
08-InterneLasten	Variante 8.1 Oberflächentemperatur	IDAICE	IDA ICE	4.8.0.1	Caroline Seifert, INNIUS DÖ	0	0.54	2.59	-0.17	6.45	0.04	-0.49	1.05	0.19	0.00497	99.78	4.01	37.98	20.0	35.52	96.49	Gold
08-InterneLasten	Variante 8.2 Raumlufttemperatur	IDAICE	IDA ICE	4.8.0.1	Caroline Seifert, INNIUS DÖ	0	0.53	2.58	-0.17	6.39	0.04	-0.48	1.04	0.19	0.00493	99.78	4.01	37.99	20.0	35.52	96.52	Gold
08-InterneLasten	Variante 8.2 Oberflächentemperatur	IDAICE	IDA ICE	4.8.0.1	Caroline Seifert, INNIUS DÖ	0	0.53	2.59	-0.17	6.41	0.04	-0.48	1.05	0.19	0.00494	99.78	4.0	37.98	20.0	35.52	96.51	Gold
08-InterneLasten	Variante 8.3 Raumlufttemperatur	IDAICE	IDA ICE	4.8.0.1	Caroline Seifert, INNIUS DÖ	0	2.52	1.35	-0.14	16.93	0.79	-0.39	4.19	0.89	0.02324	95.8	4.24	40.94	20.0	35.05	90.39	Silver
08-InterneLasten	Variante 8.3 Oberflächentemperatur	IDAICE	IDA ICE	4.8.0.1	Caroline Seifert, INNIUS DÖ	0	86.02	895.51	-27.68	1158.4	807.97	-83.78	179.41	28.42	2.60189	-6808.93	5.82	13.37	0.0	5.36	-1245.73	Failed
08-InterneLasten	Variante 8.4.Raumlufttemperatur	IDAICE	IDA ICE	4.8.0.1	Caroline Seifert, INNIUS DÖ	0	0.53	1.78	-0.13	7.11	0.03	-0.4	1.1	0.17	0.00488	99.74	3.36	35.64	20.0	32.91	96.18	Gold
08-InterneLasten	Variante 8.4 Oberflächentemperatur	IDAICE	IDA ICE	4.8.0.1	Caroline Seifert, INNIUS DÖ	0	0.52	1.76	-0.13	7.03	0.03	-0.4	1.08	0.17	0.00481	99.75	3.36	35.64	20.0	32.91	96.23	Gold
08-InterneLasten	Variante 8.1 Raumlufttemperatur	NANDRAD	NANDRAD	1.8	Dirk Weiß, IBK TU Dresden	0	0.0	0.0	0.0	0.0	0.0	0.0	0.0	0.0	0.0	100.0	4.11	40.81	20.0	38.27	100.0	Gold
08-InterneLasten	Variante 8.1 Oberflächentemperatur	NANDRAD	NANDRAD	1.8	Dirk Weiß, IBK TU Dresden	0	0.0	0.0	0.0	0.0	0.0	0.0	0.0	0.0	0.0	100.0	4.08	38.23	20.0	35.69	100.0	Gold
08-InterneLasten	Variante 8.2 Raumlufttemperatur	NANDRAD	NANDRAD	1.8	Dirk Weiß, IBK TU Dresden	0	0.0	0.0	0.0	0.0	0.0	0.0	0.0	0.0	0.0	100.0	4.08	38.23	20.0	35.69	100.0	Gold
08-InterneLasten	Variante 8.2 Oberflächentemperatur	NANDRAD	NANDRAD	1.8	Dirk Weiß, IBK TU Dresden	0	0.0	0.0	0.0	0.0	0.0	0.0	0.0	0.0	0.0	100.0	4.08	38.23	20.0	35.69	100.0	Gold
08-InterneLasten	Variante 8.3 Raumlufttemperatur	NANDRAD	NANDRAD	1.8	Dirk Weiß, IBK TU Dresden	0	0.0	0.0	0.0	0.0	0.0	0.0	0.0	0.0	0.0	100.0	4.33	41.19	20.0	35.19	100.0	Gold
08-InterneLasten	Variante 8.3 Oberflächentemperatur	NANDRAD	NANDRAD	1.8	Dirk Weiß, IBK TU Dresden	0	0.0	0.0	0.0	0.0	0.0	0.0	0.0	0.0	0.0	100.0	3.42	35.84	20.0	33.04	100.0	Gold
08-InterneLasten	Variante 8.4.Raumlufttemperatur	NANDRAD	NANDRAD	1.8	Dirk Weiß, IBK TU Dresden	0	0.0	0.0	0.0	0.0	0.0	0.0	0.0	0.0	0.0	100.0	3.42	35.83	20.0	33.04	100.0	Gold
08-InterneLasten	Variante 8.4 Oberflächentemperatur	NANDRAD	NANDRAD	1.8	Dirk Weiß, IBK TU Dresden	0	0.0	0.0	0.0	0.0	0.0	0.0	0.0	0.0	0.0	100.0	3.42	35.83	20.0	33.04	100.0	Gold
08-InterneLasten	Variante 8.1 Raumlufttemperatur	TAS	TAS	9.5.0	Rainer Strobel, PGMM	0	0.03	2.13	-0.01	0.39	0.0	-0.02	0.06	0.01	0.00039	100.0	4.12	40.8	20.0	38.26	99.66	Gold
08-InterneLasten	Variante 8.1 Oberflächentemperatur	TAS	TAS	9.5.0	Rainer Strobel, PGMM	0	0.03	2.55	-0.01	0.35	0.0	-0.02	0.06	0.01	0.00036	100.0	4.09	38.22	20.0	35.68	99.65	Gold
08-InterneLasten	Variante 8.2 Raumlufttemperatur	TAS	TAS	9.5.0	Rainer Strobel, PGMM	0	0.03	2.49	-0.01	0.35	0.0	-0.02	0.06	0.01	0.00036	100.0	4.09	38.22	20.0	35.68	99.65	Gold
08-InterneLasten	Variante 8.2 Oberflächentemperatur	TAS	TAS	9.5.0	Rainer Strobel, PGMM	0	0.03	2.84	-0.01	0.35	0.0	-0.02	0.06	0.01	0.00036	100.0	4.09	38.22	20.0	35.68	99.63	Gold
08-InterneLasten	Variante 8.3 Raumlufttemperatur	TAS	TAS	9.5.0	Rainer Strobel, PGMM	0	0.28	0.86	-0.01	1.87	0.01	-0.02	0.46	0.1	0.00269	99.95	4.31	41.15	20.0	35.18	98.93	Gold
08-InterneLasten	Variante 8.3 Oberflächentemperatur	TAS	TAS	9.5.0	Rainer Strobel, PGMM	0	0.14	4.76	-0.01	1.86	0.0	-0.02	0.29	0.05	0.00137	99.98	3.42	35.8	20.0	33.04	98.71	Gold
08-InterneLasten	Variante 8.4.Raumlufttemperatur	TAS	TAS	9.5.0	Rainer Strobel, PGMM	0	0.14	4.35	-0.0	1.87	0.0	-0.01	0.29	0.05	0.00137	99.98	3.42	35.8	20.0	33.04	98.73	Gold
08-InterneLasten	Variante 8.4 Oberflächentemperatur	TAS	TAS	9.5.0	Rainer Strobel, PGMM	0	0.13	3.52	-0.0	1.82	0.0	-0.01	0.28	0.04	0.00133	99.98	3.42	35.8	20.0	33.04	98.81	Gold
08-InterneLasten	Variante 8.1 Raumlufttemperatur	THERAKLES	NANDRAD v2	2.0	Dirk Weiß, IBK TU Dresden	0	0.0	0.08	-0.0	0.01	0.0	-0.0	0.0	0.0	1e-05	100.0	4.11	40.81	20.0	38.27	99.99	Gold
08-InterneLasten	Variante 8.1 Oberflächentemperatur	THERAKLES	NANDRAD v2	2.0	Dirk Weiß, IBK TU Dresden	0	0.0	0.09	-0.0	0.01	0.0	-0.0	0.0	0.0	1e-05	100.0	4.08	38.23	20.0	35.69	99.99	Gold
08-InterneLasten	Variante 8.2 Raumlufttemperatur	THERAKLES	NANDRAD v2	2.0	Dirk Weiß, IBK TU Dresden	0	0.0	0.09	-0.0	0.01	0.0	-0.0	0.0	0.0	1e-05	100.0	4.08	38.23	20.0	35.69	99.99	Gold
08-InterneLasten	Variante 8.2 Oberflächentemperatur	THERAKLES	NANDRAD v2	2.0	Dirk Weiß, IBK TU Dresden	0	0.0	0.09	-0.0	0.01	0.0	-0.0	0.0	0.0	1e-05	100.0	4.08	38.23	20.0	35.69	99.99	Gold
08-InterneLasten	Variante 8.3 Raumlufttemperatur	THERAKLES	NANDRAD v2	2.0	Dirk Weiß, IBK TU Dresden	0	0.03	0.46	-0.0	0.23	0.0	-0.0	0.06	0.01	0.00033	100.0	4.33	41.19	20.0	35.19	99.84	Gold
08-InterneLasten	Variante 8.3 Oberflächentemperatur	THERAKLES	NANDRAD v2	2.0	Dirk Weiß, IBK TU Dresden	0	0.01	0.25	-0.0	0.07	0.0	-0.0	0.01	0.0	6e-05	100.0	3.42	35.84	20.0	33.04	99.95	Gold
08-InterneLasten	Variante 8.4.Raumlufttemperatur	THERAKLES	NANDRAD v2	2.0	Dirk Weiß, IBK TU Dresden	0	9.61	398.52	2.15	129.95	10.08	6.5	20.06	3.17	0.08764	13.76	4.33	41.19	20.0	35.19	-4.59	Failed
08-InterneLasten	Variante 8.4 Oberflächentemperatur	THERAKLES	NANDRAD v2	2.0	Dirk Weiß, IBK TU Dresden	0	0.04	0.89	0.0	0.49	0.0	0.01	0.07	0.01	0.00035	100.0	3.42	35.84	20.0	33.04	99.68	Gold
08-InterneLasten	Variante 8.1 Raumlufttemperatur	TRNSYS	TRNSYS	18	Julian Agudelo, Hochschule München	0	0.01	1.84	-0.0	0.1	0.0	-0.0	0.01	0.0	8e-05	100.0	4.11	40.81	20.0	38.27	99.83	Gold
08-InterneLasten	Variante 8.1 Oberflächentemperatur	TRNSYS	TRNSYS	18	Julian Agudelo, Hochschule München	0	0.01	2.12	-0.0	0.1	0.0	-0.0	0.02	0.0	8e-05	100.0	4.08	38.23	20.0	35.69	99.81	Gold
08-InterneLasten	Variante 8.2 Raumlufttemperatur	TRNSYS	TRNSYS	18	Julian Agudelo, Hochschule München	0	0.0	0.08	-0.0	0.01	0.0	-0.0	0.0	0.0	1e-05	100.0	4.08	38.23	20.0	35.69	99.99	Gold
08-InterneLasten	Variante 8.2 Oberflächentemperatur	TRNSYS	TRNSYS	18	Julian Agudelo, Hochschule München	0	0.2	3.95	-0.07	2.38	0.01	-0.2	0.39	0.07	0.00198	99.97	4.08	38.16	20.0	35.62	98.51	Gold
08-InterneLasten	Variante 8.3 Raumlufttemperatur	TRNSYS	TRNSYS	18	Julian Agudelo, Hochschule München	0	0.03	0.15	0.0	0.23	0.0	0.0	0.06	0.01	0.00033	100.0	4.33	41.19	20.0	35.19	99.86	Gold
08-InterneLasten	Variante 8.3 Oberflächentemperatur	TRNSYS	TRNSYS	18	Julian Agudelo, Hochschule München	0	0.01	0.36	0.0	0.13	0.0	0.0	0.02	0.0	0.0001	100.0	3.42	35.84	20.0	33.04	99.91	Gold
08-InterneLasten	Variante 8.4.Raumlufttemperatur	TRNSYS	TRNSYS	18	Julian Agudelo, Hochschule München	0	0.02	0.45	0.0	0.28	0.0	0.01	0.04	0.01	0.00019	100.0	3.42	35.84	20.0	33.04	99.82	Gold
08-InterneLasten	Variante 8.4 Oberflächentemperatur	TRNSYS	TRNSYS	18	Julian Agudelo, Hochschule München	0	0.26	9.97	-0.06	3.52	0.01	-0.17	0.54	0.09	0.00255	99.94	3.41	35.7	20.0	32.99	97.51	Gold
09-Verschattung	Azimuth	Aixlib	AixLib	0.7.3	Amin Nouri, RWTH Aachen	0	0.07	0.31	0.03	0.17	0.01	0.02	0.08	0.1	0.00075	100.0	35.04	207.81	92.57	140.92	99.88	Gold
09-Verschattung	Altitude	Aixlib	AixLib	0.7.3	Amin Nouri, RWTH Aachen	0	0.3	0.17	-0.15	0.92	0.02	-0.3	0.5	0.15	0.00309	99.98	9.93	61.36	30.48	51.16	99.49	Gold
09-Verschattung	Variante 9.1 Sonnenlichtfaktor	Aixlib	AixLib	0.7.3	Amin Nouri, RWTH Aachen	0	86.55	33.75	-0.17	271.43	0.08	-52.85	61.32	0.29	0.23134	-390.57	0.14	0.34	0.0	0.16	-88.43	Failed
09-Verschattung	Variante 9.2 Sonnenlichtfaktor	Aixlib	AixLib	0.7.3	Amin Nouri, RWTH Aachen	0	40.37	134.53	-0.23	96.24	0.11	-28.05	49.95	0.33	0.24978	-121.72	0.43	1.0	0.0	0.59	17.09	Failed
09-Verschattung	Variante 9.3 Sonnenlichtfaktor	Aixlib	AixLib	0.7.3	Amin Nouri, RWTH Aachen	0	3.86	2.1	0.0	1.91	0.0	2.85	1.7	0.01	0.0047	99.84	0.14	0.34	0.0	0.15	98.13	Gold
09-Verschattung	Variante 9.4 Sonnenlichtfaktor	Aixlib	AixLib	0.7.3	Amin Nouri, RWTH Aachen	0	100.19	173.21	-0.96	1131.18	0.92	-100.0	600.94	0.96	0.673	-25812.34	0.0	0.0	0.0	0.0	0	Failed
09-Verschattung	Variante 9.5 Sonnenlichtfaktor	Aixlib	AixLib	0.7.3	Amin Nouri, RWTH Aachen	0	0.84	0.37	0.0	0.47	0.0	0.5	0.39	0.0	0.00244	99.99	0.37	0.96	0.0	0.44	99.59	Gold
09-Verschattung	Variante 9.6 Sonnenlichtfaktor	Aixlib	AixLib	0.7.3	Amin Nouri, RWTH Aachen	0	132.58	173.21	-0.51	68.19	0.46	-100.0	68.19	0.68	0.48066	-131.95	0.0	0.0	0.0	0.0	0	Failed
09-Verschattung	Azimuth	ETU	ETU Simulation	4.1	Dr. Rainer Rolffs, ETU Hottgenroth	0	0.0	0.0	0.0	0.0	0.0	0.0	0.0	0.0	0.0	100.0	35.12	207.98	92.47	140.89	100.0	Gold
09-Verschattung	Altitude	ETU	ETU Simulation	4.1	Dr. Rainer Rolffs, ETU Hottgenroth	0	0.0	0.0	0.0	0.0	0.0	0.0	0.0	0.0	0.0	100.0	9.94	61.52	30.62	51.32	100.0	Gold
09-Verschattung	Azimuth	IDAICE	IDA ICE	4.8.0.1	Caroline Seifert, INNIUS DÖ	0	0.06	0.14	-0.07	0.14	0.01	-0.05	0.07	0.08	0.00069	100.0	35.16	207.99	92.39	140.82	99.92	Gold
09-Verschattung	Altitude	IDAICE	IDA ICE	4.8.0.1	Caroline Seifert, INNIUS DÖ	0	0.12	0.12	0.06	0.37	0.0	0.12	0.2	0.06	0.00114	100.0	9.95	61.6	30.66	51.38	99.75	Gold
09-Verschattung	Variante 9.1 Sonnenlichtfaktor	IDAICE	IDA ICE	4.8.0.1	Caroline Seifert, INNIUS DÖ	0	11.67	3.75	-0.01	36.58	0.0	-4.47	8.26	0.04	0.02673	91.09	0.11	0.58	0.17	0.32	79.94	Failed
09-Verschattung	Variante 9.2 Sonnenlichtfaktor	IDAICE	IDA ICE	4.8.0.1	Caroline Seifert, INNIUS DÖ	0	12.0	48.77	0.07	28.62	0.01	8.5	14.85	0.1	0.06026	80.39	0.16	1.0	0.49	0.88	76.59	Failed
09-Verschattung	Variante 9.3 Sonnenlichtfaktor	IDAICE	IDA ICE	4.8.0.1	Caroline Seifert, INNIUS DÖ	0	20.58	20.34	-0.0	10.21	0.0	-3.0	9.05	0.03	0.02648	95.36	0.11	0.3	0.0	0.14	92.07	Silver
09-Verschattung	Variante 9.4 Sonnenlichtfaktor	IDAICE	IDA ICE	4.8.0.1	Caroline Seifert, INNIUS DÖ	0	6.99	205.68	-0.05	78.96	0.0	-5.24	41.95	0.07	0.03481	-26.25	0.07	1.0	0.81	0.91	28.06	Failed
09-Verschattung	Variante 9.5 Sonnenlichtfaktor	IDAICE	IDA ICE	4.8.0.1	Caroline Seifert, INNIUS DÖ	0	5.64	1.96	-0.01	3.15	0.0	-2.8	2.61	0.02	0.01881	99.54	0.36	0.94	0.0	0.43	98.28	Gold
09-Verschattung	Variante 9.6 Sonnenlichtfaktor	IDAICE	IDA ICE	4.8.0.1	Caroline Seifert, INNIUS DÖ	0	25.34	0.0	-0.05	13.03	0.02	-9.6	13.03	0.13	0.07485	91.52	0.4	1.0	0.0	0.46	92.07	Silver
09-Verschattung	Azimuth	NANDRAD	NANDRAD	1.8	Dirk Weiß, IBK TU Dresden	0	0.0	0.0	0.0	0.0	0.0	0.0	0.0	0.0	0.0	100.0	35.12	207.98	92.47	140.89	100.0	Gold
09-Verschattung	Altitude	NANDRAD	NANDRAD	1.8	Dirk Weiß, IBK TU Dresden	0	0.0	0.0	0.0	0.0	0.0	0.0	0.0	0.0	0.0	100.0	9.94	61.52	30.62	51.32	100.0	Gold
09-Verschattung	Variante 9.1 Sonnenlichtfaktor	NANDRAD	NANDRAD	1.8	Dirk Weiß, IBK TU Dresden	0	0.0	0.0	0.0	0.0	0.0	0.0	0.0	0.0	0.0	100.0	0.13	0.66	0.19	0.33	100.0	Gold
09-Verschattung	Variante 9.2 Sonnenlichtfaktor	NANDRAD	NANDRAD	1.8	Dirk Weiß, IBK TU Dresden	0	0.0	0.0	0.0	0.0	0.0	0.0	0.0	0.0	0.0	100.0	0.22	1.0	0.34	0.81	100.0	Gold
09-Verschattung	Variante 9.3 Sonnenlichtfaktor	NANDRAD	NANDRAD	1.8	Dirk Weiß, IBK TU Dresden	0	0.0	0.0	0.0	0.0	0.0	0.0	0.0	0.0	0.0	100.0	0.14	0.33	0.0	0.15	100.0	Gold
09-Verschattung	Variante 9.4 Sonnenlichtfaktor	NANDRAD	NANDRAD	1.8	Dirk Weiß, IBK TU Dresden	0	0.0	0.0	0.0	0.0	0.0	0.0	0.0	0.0	0.0	100.0	0.06	1.0	0.84	0.96	100.0	Gold
09-Verschattung	Variante 9.5 Sonnenlichtfaktor	NANDRAD	NANDRAD	1.8	Dirk Weiß, IBK TU Dresden	0	0.0	0.0	0.0	0.0	0.0	0.0	0.0	0.0	0.0	100.0	0.37	0.95	0.0	0.44	100.0	Gold
09-Verschattung	Variante 9.6 Sonnenlichtfaktor	NANDRAD	NANDRAD	1.8	Dirk Weiß, IBK TU Dresden	0	0.0	0.0	0.0	0.0	0.0	0.0	0.0	0.0	0.0	100.0	0.45	1.0	0.0	0.51	100.0	Gold
09-Verschattung	Azimuth	TRNSYS	TRNSYS	18	Julian Agudelo, Hochschule München	0	0.09	0.11	-0.12	0.22	0.02	-0.09	0.11	0.13	0.00086	100.0	35.09	207.81	92.39	140.77	99.88	Gold
09-Verschattung	Altitude	TRNSYS	TRNSYS	18	Julian Agudelo, Hochschule München	0	0.09	0.2	-0.04	0.27	0.0	-0.08	0.14	0.04	0.00099	100.0	9.95	61.5	30.57	51.28	99.84	Gold
09-Verschattung	Variante 9.1 Sonnenlichtfaktor	TRNSYS	TRNSYS	18	Julian Agudelo, Hochschule München	0	1.22	0.82	0.0	3.82	0.0	0.06	0.86	0.0	0.00321	99.9	0.13	0.66	0.19	0.33	97.87	Gold
09-Verschattung	Variante 9.2 Sonnenlichtfaktor	TRNSYS	TRNSYS	18	Julian Agudelo, Hochschule München	0	0.15	0.4	-0.0	0.35	0.0	-0.07	0.18	0.0	0.0007	100.0	0.22	1.0	0.34	0.81	99.78	Gold
09-Verschattung	Variante 9.3 Sonnenlichtfaktor	TRNSYS	TRNSYS	18	Julian Agudelo, Hochschule München	0	3.08	2.15	-0.0	1.53	0.0	-0.99	1.36	0.0	0.00382	99.9	0.14	0.33	0.0	0.14	99.02	Gold
09-Verschattung	Variante 9.4 Sonnenlichtfaktor	TRNSYS	TRNSYS	18	Julian Agudelo, Hochschule München	0	1.35	10.83	-0.01	15.24	0.0	-0.56	8.1	0.01	0.00662	95.3	0.06	1.0	0.84	0.95	89.93	Bronze
09-Verschattung	Variante 9.5 Sonnenlichtfaktor	TRNSYS	TRNSYS	18	Julian Agudelo, Hochschule München	0	1.04	0.16	0.0	0.58	0.0	0.37	0.48	0.0	0.00393	99.98	0.37	0.95	0.0	0.44	99.56	Gold
09-Verschattung	Variante 9.6 Sonnenlichtfaktor	TRNSYS	TRNSYS	18	Julian Agudelo, Hochschule München	0	0.9	0.0	-0.0	0.46	0.0	-0.0	0.46	0.0	0.00399	99.99	0.45	1.0	0.0	0.51	99.69	Gold
10-PassiveKuehlung	Variante 10.1 Raumlufttemperatur	NANDRAD	NANDRAD	1.8	Dirk Weiß, IBK TU Dresden	0	0.0	0.0	0.0	0.0	0.0	0.0	0.0	0.0	0.0	100.0	3.9	20.0	9.96	13.41	100.0	Gold
10-PassiveKuehlung	Variante 10.1 Heizleistung	NANDRAD	NANDRAD	1.8	Dirk Weiß, IBK TU Dresden	0	0.0	0.0	0.0	0.0	0.0	0.0	0.0	0.0	0.0	100.0	105.02	500.55	-0.0	408.88	100.0	Gold
10-PassiveKuehlung	Variante 10.1 Kühlleistung	NANDRAD	NANDRAD	1.8	Dirk Weiß, IBK TU Dresden	0	0.0	-99	-99	-99	-99	-99	-99	-99	-99	-99	-99	0.0	0.0	0.0	0	Failed
10-PassiveKuehlung	Variante 10.2 Raumlufttemperatur	NANDRAD	NANDRAD	1.8	Dirk Weiß, IBK TU Dresden	0	0.0	0.0	0.0	0.0	0.0	0.0	0.0	0.0	0.0	100.0	3.55	25.54	8.57	24.54	100.0	Gold
10-PassiveKuehlung	Variante 10.2 Heizleistung	NANDRAD	NANDRAD	1.8	Dirk Weiß, IBK TU Dresden	0	0.0	0.0	0.0	0.0	0.0	0.0	0.0	0.0	-99	-99	-99	1167.8	-5658.46	669.05	80.1	Bronze
10-PassiveKuehlung	Variante 10.2 Kühlleistung	NANDRAD	NANDRAD	1.8	Dirk Weiß, IBK TU Dresden	0	-0.0	0.0	0.0	0.0	0.0	-0.0	0.0	0.0	-99	-99	-99	345.61	-581.51	-522.96	80.1	Bronze
10-PassiveKuehlung	Variante 10.2 Rücklauftemperatur	NANDRAD	NANDRAD	1.8	Dirk Weiß, IBK TU Dresden	0	0.0	0.0	0.0	0.0	0.0	0.0	0.0	0.0	0.0	100.0	6.08	34.12	9.83	32.38	100.0	Gold
10-PassiveKuehlung	Variante 10.2 Innentemperatur.Dach	NANDRAD	NANDRAD	1.8	Dirk Weiß, IBK TU Dresden	0	0.0	0.0	0.0	0.0	0.0	0.0	0.0	0.0	0.0	100.0	2.37	21.13	7.91	20.52	100.0	Gold
10-PassiveKuehlung	Variante 10.2 Innentemperatur.Boden	NANDRAD	NANDRAD	1.8	Dirk Weiß, IBK TU Dresden	0	0.0	0.0	0.0	0.0	0.0	0.0	0.0	0.0	0.0	100.0	5.2	31.26	9.42	29.78	100.0	Gold
10-PassiveKuehlung	Variante 10.2 Innentemperatur.Wand.Nord	NANDRAD	NANDRAD	1.8	Dirk Weiß, IBK TU Dresden	0	0.0	0.0	0.0	0.0	0.0	0.0	0.0	0.0	0.0	100.0	2.37	21.13	7.91	20.52	100.0	Gold
10-PassiveKuehlung	Variante 10.2 Innentemperatur.Wand.Ost	NANDRAD	NANDRAD	1.8	Dirk Weiß, IBK TU Dresden	0	0.0	0.0	0.0	0.0	0.0	0.0	0.0	0.0	0.0	100.0	2.37	21.13	7.91	20.52	100.0	Gold
10-PassiveKuehlung	Variante 10.2 Innentemperatur.Wand.Süd	NANDRAD	NANDRAD	1.8	Dirk Weiß, IBK TU Dresden	0	0.0	0.0	0.0	0.0	0.0	0.0	0.0	0.0	0.0	100.0	2.37	21.13	7.91	20.52	100.0	Gold
10-PassiveKuehlung	Variante 10.2 Innentemperatur.Wand.West	NANDRAD	NANDRAD	1.8	Dirk Weiß, IBK TU Dresden	0	0.0	0.0	0.0	0.0	0.0	0.0	0.0	0.0	0.0	100.0	2.37	21.13	7.91	20.52	100.0	Gold
10-PassiveKuehlung	Variante 10.1 Raumlufttemperatur	TRNSYS	TRNSYS	18	Julian Agudelo, Hochschule München	0	6.17	547.87	0.17	11.79	0.68	1.24	8.24	0.83	0.05867	95.49	3.87	20.0	10.0	13.58	55.55	Failed
10-PassiveKuehlung	Variante 10.1 Heizleistung	TRNSYS	TRNSYS	18	Julian Agudelo, Hochschule München	0	93.05	296.56	-367.65	326.43	144756.61	-89.92	76.01	380.47	2.40815	-1212.39	10.53	50.0	0.0	41.23	-211.91	Failed
10-PassiveKuehlung	Variante 10.2 Raumlufttemperatur	TRNSYS	TRNSYS	18	Julian Agudelo, Hochschule München	0	101.04	436.81	-24.54	563642.07	615.05	-100.0	146.14	24.8	3.23105	-4768.94	0.0	0.0	0.0	0.0	0	Failed
10-PassiveKuehlung	Variante 10.2 Heizleistung	TRNSYS	TRNSYS	18	Julian Agudelo, Hochschule München	0	108.36	698.6	-658.13	1421569.62	525625.73	-98.37	10.62	725.0	-99	-99	-99	20.0	7.52	10.92	-710736.66	Failed
10-PassiveKuehlung	Variante 10.2 Innentemperatur.Dach	TRNSYS	TRNSYS	18	Julian Agudelo, Hochschule München	0	50.5	415.65	-9.61	161931.77	107.4	-46.8	78.36	10.36	0.69684	-1806.25	3.62	20.0	7.52	10.92	-81089.48	Failed
10-PassiveKuehlung	Variante 10.2 Innentemperatur.Boden	TRNSYS	TRNSYS	18	Julian Agudelo, Hochschule München	0	66.19	596.28	-18.86	1159395.42	388.47	-63.33	90.24	19.71	1.02934	-1334.63	3.62	20.0	7.52	10.92	-579785.41	Failed
10-PassiveKuehlung	Variante 10.2 Innentemperatur.Wand.Nord	TRNSYS	TRNSYS	18	Julian Agudelo, Hochschule München	0	1708.86	35790.62	338.58	5480023.73	123005.58	1649.72	2651.96	350.72	-99	-99	-99	435.6	-2.72	359.11	-2743034.75	Failed
10-PassiveKuehlung	Variante 10.2 Innentemperatur.Wand.Ost	TRNSYS	TRNSYS	18	Julian Agudelo, Hochschule München	0	18.01	498.37	3.49	57745.18	13.66	17.0	27.94	3.7	0.15492	-142.41	3.42	25.0	8.47	24.01	-28837.55	Failed
10-PassiveKuehlung	Variante 10.2 Innentemperatur.Wand.West	TRNSYS	TRNSYS	18	Julian Agudelo, Hochschule München	0	100.67	374.85	-20.52	322820.48	426.86	-100.0	156.22	20.66	3.06367	-7475.94	0.0	0.0	0.0	0.0	0	Failed
